grid_id,org_id
grid.10306.34,GB-CHC-1021457
grid.11485.39,GB-CHC-1089464
grid.16990.37,GB-CHC-802956
grid.20419.3e,GB-CHC-208728
grid.32509.3d,GB-CHC-314137
grid.43641.34,GB-SC-SC041796
grid.52788.30,GB-CHC-210183
grid.93554.3e,GB-CHC-306371
grid.268943.2,GB-CHC-1015243
grid.410315.2,GB-CHC-287287
grid.410343.1,GB-SC-SC000365
grid.418231.d,GB-CHC-1040650
grid.418543.f,GB-CHC-1080273
grid.418589.9,GB-CHC-327206
grid.419294.3,GB-CHC-1046854
grid.419428.2,GB-CHC-207994
grid.420013.4,GB-SC-SC022515
grid.420306.3,GB-CHC-800733
grid.420331.7,GB-CHC-1070618
grid.420419.a,GB-SC-SC037844
grid.420424.4,GB-SC-SC025818
grid.420583.8,GB-CHC-1184957
grid.421050.2,GB-CHC-251765
grid.421170.1,GB-CHC-210252
grid.421187.9,GB-CHC-278104
grid.421401.2,GB-CHC-327500
grid.421552.5,GB-CHC-1040519
grid.421613.3,GB-CHC-298951
grid.421617.7,GB-CHC-205846
grid.421627.4,GB-CHC-212424
grid.421630.2,GB-CHC-207076
grid.421637.5,GB-CHC-210566
grid.421640.5,GB-CHC-211015
grid.421642.7,GB-CHC-226227
grid.421649.c,GB-CHC-207043
grid.421661.6,GB-CHC-207238
grid.421666.1,GB-CHC-212808
grid.421797.e,GB-CHC-214348
grid.421945.f,GB-CHC-1101332
grid.422148.9,GB-CHC-1128267
grid.422197.b,GB-CHC-1091768
grid.422268.8,GB-CHC-306083
grid.422699.2,GB-CHC-326550
grid.422795.f,GB-CHC-1081247
grid.422903.e,GB-CHC-1042433
grid.422907.a,GB-CHC-1044645
grid.422951.9,GB-CHC-206601
grid.423193.e,GB-CHC-209131
grid.423195.8,GB-CHC-287780
grid.423196.b,GB-CHC-216652
grid.423239.d,GB-CHC-254937
grid.423385.b,GB-CHC-1139856
grid.423435.7,GB-SC-SC011330
grid.423946.e,GB-CHC-1182924
grid.424095.e,GB-CHC-273984
grid.424347.2,GB-CHC-212479
grid.425205.4,GB-CHC-800066
grid.425785.9,GB-CHC-1089106
grid.426173.5,GB-CHC-209706
grid.426412.7,GB-CHC-803716
grid.426478.b,GB-CHC-1149740
grid.426490.d,GB-CHC-208223
grid.426499.4,GB-CHC-274345
grid.427908.0,GB-CHC-1101052
grid.428136.a,GB-CHC-298405
grid.428951.3,GB-CHC-1126281
grid.429487.4,GB-CHC-1122073
grid.431199.7,GB-CHC-215869
grid.431215.0,GB-CHC-277992
grid.431456.1,GB-CHC-207890
grid.431560.5,GB-CHC-264017
grid.432249.a,GB-CHC-296645
grid.432609.a,GB-CHC-251681
grid.432613.1,GB-CHC-1103260
grid.433059.8,GB-CHC-288007
grid.433075.6,GB-CHC-298740
grid.433350.2,GB-CHC-1075611
grid.433515.5,GB-CHC-1001237
grid.433545.0,GB-CHC-1084958
grid.433725.4,GB-CHC-1087471
grid.433943.a,GB-CHC-1000328
grid.434519.e,GB-CHC-1111288
grid.434780.c,GB-CHC-271370
grid.434900.a,GB-CHC-1068852
grid.435073.6,GB-CHC-1128884
grid.435659.8,GB-CHC-1166304
grid.436230.0,GB-CHC-219830
grid.436450.0,GB-SC-SC007410
grid.436596.b,GB-CHC-1144091
grid.436857.b,GB-CHC-225922
grid.436901.9,GB-CHC-271731
grid.437028.a,GB-CHC-202918
grid.437100.1,GB-CHC-247257
grid.437474.7,GB-CHC-209961
grid.437911.9,GB-CHC-208231
grid.438297.3,GB-CHC-1129312
grid.438314.9,GB-CHC-221124
grid.438325.b,GB-CHC-243470
grid.438390.5,GB-CHC-1090451
grid.438396.3,GB-CHC-211014
grid.438399.c,GB-CHC-1076981
grid.438444.b,GB-CHC-1048355
grid.438467.a,GB-CHC-207720
grid.438470.c,GB-CHC-1063609
grid.439054.f,GB-CHC-1073051
grid.439177.f,GB-CHC-509060
grid.439360.b,GB-CHC-1112775
grid.448664.c,GB-SC-SC015600
grid.450119.8,GB-CHC-1038957
grid.450399.2,GB-SC-SC022315
grid.450441.0,GB-CHC-1127712
grid.450692.c,GB-CHC-1042046
grid.450733.6,GB-SC-SC003790
grid.450792.d,GB-CHC-211245
grid.450885.4,GB-CHC-1039417
grid.451312.0,GB-CHC-213890
grid.451409.d,GB-CHC-298028
grid.451427.1,GB-CHC-1135007
grid.452379.e,GB-CHC-206186
grid.452416.0,GB-CHC-1128437
grid.452573.2,GB-CHC-1026588
grid.452921.9,GB-SC-SC004064
grid.452924.c,GB-CHC-225971
grid.452966.a,GB-CHC-1159154
grid.453048.e,GB-CHC-215199
grid.453093.8,GB-SC-SC022918
grid.453104.7,GB-CHC-293074
grid.453145.2,GB-CHC-258197
grid.453156.0,GB-CHC-802364
grid.453177.3,GB-CHC-252660
grid.453182.9,GB-CHC-1100394
grid.453186.d,GB-CHC-208701
grid.453190.a,GB-CHC-1044821
grid.453244.0,GB-CHC-1000739
grid.453248.c,GB-CHC-200051
grid.453264.2,GB-CHC-239281
grid.453270.7,GB-CHC-252892
grid.453271.6,GB-CHC-1140372
grid.453273.4,GB-CHC-1160316
grid.453276.1,GB-CHC-1005541
grid.453283.b,GB-CHC-298582
grid.453287.f,GB-CHC-282042
grid.453295.c,GB-CHC-1139257
grid.453298.1,GB-CHC-1160024
grid.453299.0,GB-CHC-214684
grid.453308.9,GB-CHC-1090968
grid.453382.b,GB-CHC-313865
grid.453385.c,GB-CHC-1056410
grid.453386.f,GB-CHC-326730
grid.453389.0,GB-CHC-1111438
grid.453464.4,GB-SC-SC014959
grid.453466.6,GB-CHC-1077089
grid.453472.3,GB-CHC-1162759
grid.453476.7,GB-CHC-277825
grid.453477.6,GB-CHC-290766
grid.453491.e,GB-CHC-208491
grid.453602.6,GB-CHC-1054015
grid.453604.0,GB-CHC-286967
grid.453616.3,GB-CHC-1170125
grid.453638.f,GB-CHC-233838
grid.453642.2,GB-CHC-1079049
grid.453651.0,GB-CHC-296284
grid.453659.8,GB-CHC-326385
grid.453661.3,GB-CHC-294354
grid.453668.a,GB-CHC-1081766
grid.453674.7,GB-CHC-1154851
grid.453676.5,GB-CHC-1150054
grid.453704.1,GB-CHC-1117148
grid.453708.d,GB-CHC-1170103
grid.453723.4,GB-CHC-1111527
grid.453738.e,GB-CHC-519357
grid.453753.3,GB-CHC-1165672
grid.453949.6,GB-CHC-250556
grid.453958.6,GB-CHC-313376
grid.453961.c,GB-CHC-258474
grid.453973.f,GB-CHC-299955
grid.453974.8,GB-CHC-1084412
grid.453975.9,GB-CHC-1109743
grid.453976.a,GB-CHC-1005735
grid.453979.5,GB-CHC-1089849
grid.453981.2,GB-CHC-1088353
grid.453997.5,GB-CHC-231508
grid.454014.0,GB-CHC-1081241
grid.454063.0,GB-CHC-1156077
grid.454149.9,GB-CHC-700037
grid.458394.7,GB-CHC-1160558
grid.459935.7,GB-CHC-1118646
grid.460229.b,GB-CHC-298104
grid.462151.5,GB-CHC-1060431
grid.464692.b,GB-CHC-800365
grid.465181.f,GB-CHC-1112023
grid.466510.0,GB-CHC-1077106
grid.466548.d,GB-CHC-313219
grid.466549.c,GB-CHC-288859
grid.466684.e,GB-CHC-263894
grid.467012.6,GB-CHC-219099
grid.467037.1,GB-CHC-1059500
grid.467259.b,GB-CHC-1135395
grid.467262.3,GB-CHC-231161
grid.467322.6,GB-CHC-1073015
grid.467568.e,GB-CHC-232492
grid.468251.c,GB-CHC-1161870
grid.468256.b,GB-CHC-1150171
grid.468286.6,GB-CHC-250739
grid.468359.5,GB-CHC-1111816
grid.468409.7,GB-CHC-219279
grid.468441.b,GB-CHC-209603
grid.468489.f,GB-CHC-305992
grid.468490.7,GB-CHC-1119647
grid.468496.1,GB-CHC-273136
grid.468499.e,GB-CHC-256475
grid.468502.d,GB-CHC-269944
grid.468504.b,GB-CHC-1081300
grid.468505.a,GB-CHC-264139
grid.468510.e,GB-CHC-1125867
grid.468513.d,GB-CHC-234715
grid.468514.a,GB-CHC-1060508
grid.468516.8,GB-CHC-262334
grid.468517.9,GB-SC-SC044442
grid.468518.6,GB-CHC-273043
grid.468521.c,GB-CHC-1101971
grid.468523.e,GB-CHC-269697
grid.468526.b,GB-CHC-1002973
grid.468531.d,GB-CHC-312934
grid.468533.f,GB-CHC-802196
grid.468534.8,GB-CHC-1048167
grid.468536.a,GB-CHC-1151015
grid.468539.5,GB-CHC-1034245
grid.468543.8,GB-SC-SC005751
grid.468545.e,GB-CHC-1102391
grid.468550.a,GB-CHC-297269
grid.468551.b,GB-CHC-1091232
grid.468554.e,GB-CHC-270941
grid.468557.d,GB-CHC-209066
grid.468561.8,GB-CHC-1143049
grid.468567.e,GB-CHC-230102
grid.468568.1,GB-CHC-266813
grid.468570.8,GB-CHC-1003825
grid.468580.7,GB-CHC-803016
grid.468582.5,GB-CHC-1119068
grid.468585.2,GB-CHC-1148335
grid.468589.e,GB-CHC-232478
grid.468595.3,GB-CHC-234298
grid.468604.8,GB-CHC-272214
grid.468618.5,GB-SC-SC026116
grid.469071.d,GB-CHC-210037
grid.469328.2,GB-SC-SC036942
grid.469329.3,GB-CHC-1129698
grid.469331.a,GB-CHC-1036419
grid.469374.b,GB-CHC-1118192
grid.469383.3,GB-CHC-232891
grid.469385.5,GB-CHC-207544
grid.469419.7,GB-CHC-209425
grid.469711.c,GB-CHC-260167
grid.469740.8,GB-CHC-210161
grid.469743.b,GB-CHC-1066994
grid.469786.2,GB-CHC-1069663
grid.469790.5,GB-CHC-1091024
grid.469793.6,GB-CHC-313523
grid.469797.2,GB-CHC-1048642
grid.469801.2,GB-CHC-268494
grid.469806.5,GB-CHC-296772
grid.469808.b,GB-CHC-229524
grid.469812.0,GB-CHC-314286
grid.470456.4,GB-CHC-286669
grid.470694.8,GB-CHC-1039549
grid.470695.9,GB-CHC-228494
grid.470703.7,GB-CHC-1158172
grid.470707.3,GB-CHC-206888
grid.470710.5,GB-CHC-1150237
grid.470711.4,GB-SC-SC018761
grid.470714.1,GB-CHC-289297
grid.470719.c,GB-CHC-1150234
grid.470727.1,GB-CHC-1179328
grid.470738.f,GB-CHC-281399
grid.470743.3,GB-CHC-1071465
grid.470758.9,GB-CHC-1116111
grid.470837.f,GB-CHC-249338
grid.470977.a,GB-CHC-1161828
grid.470978.5,GB-CHC-285174
grid.472198.1,GB-CHC-1144513
grid.472644.7,GB-CHC-1117254
grid.472659.b,GB-CHC-210639
grid.472669.8,GB-CHC-1133507
grid.473575.7,GB-CHC-214440
grid.473577.5,GB-CHC-1121861
grid.473707.0,GB-CHC-299436
grid.473729.c,GB-CHC-1146244
grid.473763.2,GB-CHC-1112708
grid.473765.4,GB-CHC-1107350
grid.473889.9,GB-CHC-1012361
grid.474099.7,GB-CHC-313743
grid.474116.1,GB-CHC-1107708
grid.474126.2,GB-CHC-801130
grid.474202.7,GB-CHC-206862
grid.474625.6,GB-CHC-1081949
grid.475024.0,GB-CHC-1105412
grid.475094.b,GB-CHC-268369
grid.475100.7,GB-CHC-1125751
grid.475101.6,GB-CHC-278720
grid.475115.3,GB-CHC-1139079
grid.475125.0,GB-CHC-1039404
grid.475145.6,GB-CHC-326901
grid.475220.6,GB-CHC-1113263
grid.475236.1,GB-CHC-1143018
grid.475252.3,GB-CHC-1116722
grid.475304.1,GB-CHC-1099776
grid.475363.0,GB-CHC-1115606
grid.475657.2,GB-CHC-313750
grid.475686.e,GB-CHC-1132422
grid.475979.1,GB-CHC-209169
grid.477494.d,GB-CHC-1108016
grid.477901.c,GB-CHC-1000013
grid.478220.b,GB-CHC-278689
grid.478468.1,GB-CHC-282553
grid.478473.b,GB-CHC-205666
grid.478474.c,GB-CHC-1136842
grid.478475.d,GB-CHC-1151260
grid.478476.e,GB-CHC-243589
grid.478478.0,GB-CHC-276503
grid.478484.3,GB-CHC-1024811
grid.478485.2,GB-CHC-258583
grid.478487.0,GB-CHC-265816
grid.478495.3,GB-CHC-299756
grid.478498.e,GB-CHC-1179467
grid.478502.c,GB-CHC-1171659
grid.478507.9,GB-CHC-258854
grid.478509.7,GB-CHC-267625
grid.478511.e,GB-CHC-1143782
grid.478512.d,GB-CHC-264385
grid.478513.c,GB-CHC-1084908
grid.478514.b,GB-CHC-1006391
grid.478565.d,GB-CHC-326812
grid.478569.1,GB-CHC-1076925
grid.478575.c,GB-CHC-1167290
grid.478670.a,GB-CHC-1067331
grid.478733.c,GB-CHC-1169897
grid.478774.f,GB-CHC-1063491
grid.478926.6,GB-CHC-1079456
grid.479021.9,GB-CHC-229229
grid.479039.0,GB-CHC-1134579
grid.479372.c,GB-CHC-1100273
grid.479470.9,GB-CHC-265543
grid.479492.5,GB-CHC-1127488
grid.479496.1,GB-CHC-1114109
grid.479500.f,GB-CHC-1091450
grid.479517.9,GB-CHC-1042733
grid.479789.c,GB-CHC-264114
grid.479809.b,GB-SC-SC007856
grid.479885.f,GB-CHC-1042574
grid.479937.7,GB-CHC-267779
grid.479966.3,GB-CHC-1078635
grid.480484.4,GB-CHC-293108
grid.480488.8,GB-CHC-1151315
grid.480522.9,GB-CHC-1082082
grid.480530.a,GB-CHC-1094086
grid.480531.b,GB-CHC-1069598
grid.480572.c,GB-CHC-1107583
grid.480763.e,GB-CHC-220509
grid.480842.2,GB-CHC-262191
grid.480881.d,GB-CHC-801279
grid.480928.f,GB-CHC-1139916
grid.480944.5,GB-CHC-1105321
grid.480946.7,GB-CHC-205395
grid.480970.2,GB-CHC-1141036
grid.480972.0,GB-CHC-256025
grid.480973.1,GB-CHC-1156227
grid.480982.f,GB-CHC-1168330
grid.480987.a,GB-CHC-1137689
grid.480991.d,GB-CHC-1155322
grid.481008.5,GB-CHC-256768
grid.481059.1,GB-CHC-1102927
grid.481089.c,GB-CHC-219952
grid.481152.b,GB-CHC-1075316
grid.481161.b,GB-CHC-1093910
grid.481174.f,GB-CHC-1037087
grid.481185.1,GB-CHC-1073178
grid.481197.2,GB-CHC-1139869
grid.481204.b,GB-CHC-800952
grid.481274.c,GB-CHC-1122688
grid.481336.b,GB-CHC-1125038
grid.481343.9,GB-CHC-1169753
grid.481454.8,GB-CHC-1128683
grid.481486.7,GB-CHC-281014
grid.481502.a,GB-CHC-1145119
grid.481507.f,GB-CHC-274839
grid.481510.9,GB-CHC-1064144
grid.481536.d,GB-CHC-1081455
grid.481896.a,GB-CHC-1121258
grid.483520.8,GB-CHC-277503
grid.483776.9,GB-CHC-326568
grid.483791.0,GB-CHC-1071026
grid.483839.d,GB-CHC-265166
grid.483849.a,GB-CHC-1071752
grid.483858.a,GB-CHC-1051496
grid.483941.3,GB-CHC-289600
grid.484012.b,GB-CHC-212563
grid.484031.a,GB-CHC-1087195
grid.484096.7,GB-CHC-1146355
grid.484108.1,GB-CHC-1142111
grid.484156.a,GB-CHC-1179130
grid.484216.d,GB-CHC-1127049
grid.484226.e,GB-CHC-1123611
grid.484431.e,GB-SC-SC023988
grid.484432.d,GB-CHC-261017
grid.484575.f,GB-CHC-290185
grid.484576.c,GB-CHC-274206
grid.484705.a,GB-SC-SC009675
grid.484713.d,GB-CHC-1117535
grid.484740.b,GB-CHC-206658
grid.485476.c,GB-CHC-1175877
grid.485672.a,GB-CHC-1140679
grid.486623.d,GB-CHC-284286
grid.486748.1,GB-CHC-256335
grid.487132.b,GB-CHC-1076992
grid.487145.b,GB-CHC-1094705
grid.487235.f,GB-CHC-1111709
grid.487316.f,GB-CHC-1080540
grid.487367.9,GB-CHC-263424
grid.487386.6,GB-CHC-1091708
grid.487399.8,GB-CHC-285822
grid.487454.e,GB-CHC-1059922
grid.489200.7,GB-CHC-1127115
grid.489465.2,GB-CHC-299012
grid.489481.8,GB-CHC-1127044
grid.489488.1,GB-CHC-1138385
grid.489493.b,GB-CHC-1093321
grid.489500.0,GB-CHC-270288
grid.489502.2,GB-CHC-1075720
grid.489504.4,GB-CHC-296198
grid.489507.7,GB-CHC-1084852
grid.489509.9,GB-CHC-1011145
grid.489841.8,GB-CHC-1110415
grid.489854.c,GB-CHC-1071732
grid.490632.a,GB-CHC-1100559
grid.490720.8,GB-SC-SC033546
grid.490753.c,GB-CHC-1060308
grid.490770.d,GB-CHC-1100393
grid.490777.a,GB-CHC-1156204
grid.490815.1,GB-CHC-1060714
grid.490893.f,GB-SC-SC011199
grid.490985.9,GB-CHC-1091043
grid.491002.e,GB-CHC-1152876
grid.491007.b,GB-CHC-1081214
grid.491036.9,GB-SC-SC016816
grid.491044.c,GB-CHC-1126568
grid.491059.0,GB-CHC-1173589
grid.492099.f,GB-CHC-1076356
grid.493132.e,GB-CHC-1024741
grid.493135.9,GB-SC-SC029163
grid.493136.a,GB-CHC-1001127
grid.493175.d,GB-CHC-1134713
grid.493217.a,GB-CHC-290350
grid.493220.e,GB-CHC-244067
grid.493221.f,GB-CHC-1037771
grid.493250.9,GB-CHC-1061593
grid.493333.d,GB-CHC-1166869
grid.493371.b,GB-CHC-1031721
grid.493392.6,GB-CHC-214379
grid.493393.7,GB-CHC-800065
grid.493394.0,GB-CHC-206882
grid.493469.5,GB-CHC-1092778
grid.493518.2,GB-CHC-1002462
grid.493873.2,GB-CHC-1029888
grid.494013.b,GB-CHC-264289
grid.494068.7,GB-CHC-1160384
grid.494256.8,GB-CHC-1070942
grid.494425.a,GB-CHC-1014851
grid.494444.d,GB-SC-SC040872
grid.494497.3,GB-CHC-1045411
grid.494593.6,GB-CHC-1149979
grid.494631.d,GB-CHC-1079943
grid.494643.8,GB-CHC-279057
grid.494649.2,GB-CHC-1085443
grid.494669.0,GB-CHC-1006826
grid.495711.f,GB-CHC-1157884
grid.495712.c,GB-CHC-1159590
grid.495715.b,GB-CHC-297965
grid.495716.8,GB-CHC-1153487
grid.495717.9,GB-CHC-298361
grid.495718.6,GB-CHC-1101571
grid.495719.7,GB-CHC-1174127
grid.495721.c,GB-CHC-272100
grid.495722.f,GB-CHC-327493
grid.495724.9,GB-CHC-1055375
grid.495725.8,GB-CHC-1137029
grid.495727.a,GB-CHC-234343
grid.495729.4,GB-CHC-295716
grid.495733.f,GB-CHC-1001198
grid.495734.8,GB-CHC-1137652
grid.495735.9,GB-CHC-1156027
grid.495736.a,GB-CHC-1180666
grid.495737.b,GB-CHC-299811
grid.495738.4,GB-CHC-1003899
grid.495739.5,GB-CHC-1136809
grid.495740.b,GB-CHC-299679
grid.495741.a,GB-CHC-1167685
grid.495742.9,GB-CHC-1167073
grid.495743.8,GB-CHC-1114579
grid.495744.f,GB-SC-SC025619
grid.495746.d,GB-CHC-1078666
grid.495747.c,GB-CHC-1003317
grid.497297.6,GB-CHC-207471
grid.497308.1,GB-CHC-1088128
grid.497321.a,GB-CHC-1089490
grid.497337.d,GB-SC-SC002061
grid.497341.c,GB-CHC-239992
grid.497885.f,GB-CHC-294230
grid.497903.0,GB-CHC-1170634
grid.497937.7,GB-CHC-1097940
grid.497954.2,GB-CHC-216250
grid.497972.6,GB-CHC-1049160
grid.498028.f,GB-CHC-1016122
grid.498040.1,GB-CHC-1106240
grid.498053.3,GB-CHC-1136624
grid.498055.5,GB-CHC-1082215
grid.498056.6,GB-CHC-1146792
grid.498059.9,GB-CHC-1107144
grid.498063.0,GB-CHC-1143189
grid.498128.e,GB-CHC-1092236
grid.498129.f,GB-CHC-1074546
grid.498153.2,GB-CHC-1017658
grid.498171.2,GB-CHC-1138498
grid.498175.6,GB-CHC-1123432
grid.498220.5,GB-CHC-297716
grid.498248.b,GB-CHC-1126253
grid.498249.a,GB-CHC-1152605
grid.498279.9,GB-CHC-1123588
grid.498282.d,GB-CHC-280422
grid.498349.b,GB-CHC-288180
grid.498351.2,GB-SC-SC034054
grid.498356.5,GB-CHC-1112094
grid.498364.4,GB-CHC-1094793
grid.498366.6,GB-CHC-1120261
grid.498371.0,GB-CHC-1158683
grid.498408.9,GB-CHC-1008100
grid.498424.7,GB-CHC-210729
grid.498431.3,GB-CHC-1045395
grid.498436.4,GB-SC-SC039605
grid.498450.4,GB-CHC-233392
grid.498465.2,GB-CHC-1010786
grid.498474.2,GB-CHC-1080496
grid.499383.c,GB-CHC-218186
grid.499384.b,GB-SC-SC024047
grid.499391.f,GB-CHC-529193
grid.499398.6,GB-CHC-269425
grid.499403.3,GB-CHC-258825
grid.499409.9,GB-CHC-290511
grid.499410.1,GB-CHC-1121642
grid.499413.2,GB-CHC-1125746
grid.499431.2,GB-CHC-1116670
grid.499443.7,GB-CHC-1143574
grid.499451.4,GB-SC-SC047892
grid.499465.3,GB-CHC-283660
grid.499466.0,GB-CHC-1014576
grid.499474.3,GB-CHC-1051096
grid.499481.9,GB-CHC-1141636
grid.499484.c,GB-CHC-271028
grid.499487.f,GB-CHC-1062764
grid.499489.1,GB-SC-SC040614
grid.499495.c,GB-SC-SC023311
grid.499497.e,GB-SC-SC008639
grid.499500.1,GB-CHC-1125949
grid.499501.0,GB-SC-SC005792
grid.499502.3,GB-CHC-306096
grid.499503.2,GB-CHC-1000971
grid.499514.4,GB-CHC-1146170
grid.499530.2,GB-CHC-209302
grid.499538.a,GB-CHC-265464
grid.499544.1,GB-CHC-288527
grid.499545.0,GB-CHC-211869
grid.499549.c,GB-CHC-294344
grid.499561.6,GB-CHC-267426
grid.499563.4,GB-CHC-1059686
grid.499573.5,GB-CHC-1030884
grid.499577.1,GB-CHC-1107918
grid.499578.e,GB-CHC-1099808
grid.499579.f,GB-CHC-1016968
grid.499586.f,GB-CHC-1092466
grid.499588.1,GB-CHC-513238
grid.499591.9,GB-CHC-285575
grid.499599.1,GB-CHC-1122400
grid.499610.3,GB-CHC-280537
grid.499621.1,GB-CHC-1042760
grid.499622.2,GB-CHC-1019299
grid.499627.7,GB-SC-SC027690
grid.499650.7,GB-CHC-1021882
grid.499653.4,GB-CHC-1044344
grid.499663.7,GB-CHC-1165528
grid.499664.0,GB-CHC-1125150
grid.499666.2,GB-CHC-1003279
grid.499669.d,GB-CHC-299123
grid.499676.3,GB-CHC-1089257
grid.499691.a,GB-SC-SC033833
grid.499699.2,GB-CHC-1115476
grid.499701.2,GB-SC-SC033375
grid.499714.6,GB-CHC-1147014
grid.499732.2,GB-CHC-1137209
grid.499745.2,GB-CHC-204330
grid.499750.6,GB-CHC-1171112
grid.499753.5,GB-CHC-1168300
grid.499760.5,GB-CHC-1125002
grid.499765.0,GB-SC-SC029031
grid.499772.6,GB-CHC-1002307
grid.499774.0,GB-CHC-281330
grid.499776.2,GB-SC-SC030189
grid.499780.b,GB-CHC-264591
grid.499788.3,GB-CHC-212025
grid.499792.8,GB-CHC-248874
grid.499802.e,GB-CHC-1110621
grid.499804.8,GB-CHC-1134456
grid.499806.a,GB-CHC-1080235
grid.499808.4,GB-CHC-1113476
grid.499810.d,GB-CHC-1031687
grid.499811.c,GB-CHC-201555
grid.499812.f,GB-CHC-278861
grid.499824.a,GB-CHC-1115634
grid.499829.7,GB-CHC-251588
grid.499830.f,GB-CHC-1060369
grid.499836.9,GB-CHC-1119841
grid.499839.6,GB-CHC-1121067
grid.499845.d,GB-CHC-1118602
grid.499846.e,GB-CHC-1110315
grid.499847.f,GB-CHC-1151939
grid.499849.1,GB-CHC-1092698
grid.499862.8,GB-CHC-1146322
grid.499873.8,GB-CHC-328091
grid.499879.2,GB-SC-SC012497
grid.499886.2,GB-CHC-1043409
grid.499889.d,GB-CHC-279393
grid.499890.5,GB-CHC-1100530
grid.499901.c,GB-SC-SC011153
grid.499906.b,GB-CHC-1004200
grid.499917.b,GB-CHC-1123315
grid.499929.6,GB-SC-SC034231
grid.499936.8,GB-SC-SC038915
grid.499947.e,GB-CHC-290069
grid.499957.f,GB-CHC-1061474
grid.499986.3,GB-SC-SC024115
grid.499988.d,GB-SC-SC033272
grid.499989.c,GB-CHC-305999
grid.500019.d,GB-CHC-1083405
grid.500081.c,GB-SC-SC038374
grid.500103.7,GB-CHC-1167403
grid.500108.c,GB-CHC-1087375
grid.500119.c,GB-CHC-1125769
grid.500122.4,GB-CHC-312278
grid.500144.4,GB-SC-SC031247
grid.500151.0,GB-SC-SC007233
grid.500156.7,GB-SC-SC037820
grid.500159.8,GB-CHC-1158439
grid.500177.4,GB-SC-SC003740
grid.500185.9,GB-SC-SC024299
grid.500186.a,GB-CHC-1091364
grid.500190.d,GB-SC-SC001667
grid.500194.9,GB-CHC-1089110
grid.500205.2,GB-CHC-232580
grid.500214.2,GB-CHC-1141475
grid.500215.3,GB-CHC-1165209
grid.500216.0,GB-CHC-313168
grid.500220.5,GB-SC-SC010307
grid.500223.6,GB-CHC-1020192
grid.500228.d,GB-SC-SC010204
grid.500234.0,GB-CHC-1149652
grid.500267.6,GB-CHC-1124590
grid.500276.6,GB-CHC-287527
grid.500286.9,GB-CHC-257133
grid.500318.f,GB-CHC-1114403
grid.500320.4,GB-CHC-517817
grid.500325.1,GB-CHC-250380
grid.500329.d,GB-CHC-1108380
grid.500330.5,GB-CHC-1092892
grid.500343.1,GB-CHC-1121681
grid.500345.7,GB-CHC-257303
grid.500374.5,GB-CHC-1030406
grid.500414.4,GB-CHC-1091747
grid.500431.3,GB-CHC-1176989
grid.500453.7,GB-CHC-1133313
grid.500456.2,GB-CHC-1150791
grid.500459.d,GB-CHC-1124408
grid.500461.6,GB-CHC-1149787
grid.500463.4,GB-CHC-1013211
grid.500471.7,GB-CHC-1112895
grid.500493.b,GB-CHC-216066
grid.500497.f,GB-CHC-1088588
grid.500503.3,GB-CHC-1120222
grid.500505.5,GB-CHC-515599
grid.500508.8,GB-CHC-1135141
grid.500514.5,GB-CHC-1063053
grid.500517.6,GB-CHC-528979
grid.500523.1,GB-CHC-1024761
grid.500525.7,GB-SC-SC039891
grid.500536.5,GB-CHC-1135668
grid.500543.7,GB-CHC-1113680
grid.500549.d,GB-CHC-1076829
grid.500562.4,GB-CHC-1023150
grid.500572.5,GB-CHC-270901
grid.500579.e,GB-CHC-801395
grid.500588.0,GB-SC-SC025995
grid.500590.9,GB-CHC-1009671
grid.500593.a,GB-SC-SC015593
grid.500596.f,GB-CHC-1068850
grid.500597.e,GB-CHC-1159846
grid.500599.0,GB-CHC-1154160
grid.500602.1,GB-CHC-1076346
grid.500629.8,GB-CHC-1125735
grid.500633.3,GB-CHC-274604
grid.500640.7,GB-CHC-249255
grid.500647.0,GB-CHC-1135980
grid.500657.1,GB-CHC-526770
grid.500659.f,GB-CHC-326704
grid.500663.6,GB-CHC-264209
grid.500664.1,GB-CHC-1095057
grid.500665.0,GB-CHC-1143623
grid.500666.3,GB-CHC-1016532
grid.500674.0,GB-CHC-1040801
grid.500681.a,GB-SC-SC041164
grid.500685.e,GB-CHC-1138867
grid.500704.6,GB-CHC-1058294
grid.500726.6,GB-SC-SC005561
grid.500727.7,GB-SC-SC003139
grid.500737.6,GB-CHC-1027029
grid.500741.7,GB-CHC-1068607
grid.500742.4,GB-CHC-1079675
grid.500744.2,GB-CHC-219278
grid.500747.1,GB-CHC-1035525
grid.500748.e,GB-SC-SC033751
grid.500750.7,GB-SC-SC038770
grid.500753.4,GB-CHC-248633
grid.500755.2,GB-CHC-1006733
grid.500764.0,GB-CHC-1151628
grid.500772.7,GB-SC-SC048601
grid.500775.0,GB-CHC-1093577
grid.500784.e,GB-CHC-1056021
grid.500788.2,GB-CHC-269442
grid.500791.a,GB-CHC-1129409
grid.500801.c,GB-CHC-1165716
grid.500812.e,GB-CHC-1002705
grid.500820.f,GB-CHC-1082820
grid.500822.d,GB-CHC-1127633
grid.500823.c,GB-SC-SC002970
grid.500829.6,GB-CHC-207823
grid.500831.f,GB-CHC-313728
grid.500836.8,GB-CHC-1075340
grid.500839.7,GB-CHC-1007726
grid.500854.c,GB-SC-SC008465
grid.500855.d,GB-CHC-285696
grid.500867.c,GB-CHC-296572
grid.500869.2,GB-CHC-287785
grid.500870.a,GB-CHC-1140827
grid.500873.9,GB-CHC-700638
grid.500874.e,GB-CHC-1174443
grid.500875.f,GB-CHC-1042287
grid.500878.2,GB-CHC-292664
grid.500883.6,GB-SC-SC022375
grid.500893.7,GB-SC-SC012569
grid.500897.3,GB-SC-SC038440
grid.500901.d,GB-CHC-1086812
grid.500903.f,GB-SC-SC013988
grid.500904.8,GB-CHC-1144426
grid.500907.b,GB-CHC-230888
grid.500917.a,GB-CHC-1115960
grid.500922.c,GB-CHC-1081874
grid.500925.b,GB-CHC-1186647
grid.500933.c,GB-CHC-1099202
grid.500942.a,GB-CHC-1129689
grid.500943.b,GB-CHC-202151
grid.500944.c,GB-CHC-1080879
grid.500948.0,GB-CHC-1114682
grid.500950.9,GB-CHC-254166
grid.500954.d,GB-CHC-1091000
grid.500957.e,GB-CHC-226912
grid.500958.1,GB-CHC-287762
grid.500960.a,GB-CHC-1121983
grid.500966.c,GB-CHC-1158791
grid.500971.a,GB-CHC-272384
grid.500972.9,GB-CHC-220756
grid.500973.8,GB-CHC-211348
grid.500978.3,GB-CHC-1145877
grid.500981.5,GB-CHC-1148645
grid.500982.6,GB-SC-SC042334
grid.500987.3,GB-CHC-1103890
grid.500992.7,GB-CHC-1141553
grid.500997.2,GB-CHC-1144565
grid.501003.7,GB-CHC-1128516
grid.501009.d,GB-CHC-1162081
grid.501011.4,GB-CHC-1017387
grid.501012.7,GB-CHC-258612
grid.501014.1,GB-CHC-1026765
grid.501015.0,GB-CHC-1107264
grid.501017.2,GB-CHC-1011086
grid.501023.5,GB-CHC-1139515
grid.501026.0,GB-CHC-208178
grid.501027.1,GB-SC-SC007658
grid.501031.6,GB-CHC-207324
grid.501033.4,GB-CHC-1172445
grid.501035.2,GB-CHC-1048370
grid.501036.1,GB-CHC-296453
grid.501037.0,GB-CHC-1145181
grid.501041.1,GB-CHC-1143397
grid.501042.2,GB-CHC-1167039
grid.501046.6,GB-CHC-1161545
grid.501049.9,GB-CHC-1106143
grid.501051.0,GB-CHC-1146192
grid.501052.3,GB-CHC-1108769
grid.501054.5,GB-CHC-510538
grid.501063.1,GB-CHC-1105460
grid.501065.7,GB-CHC-1041924
grid.501067.5,GB-CHC-1007183
grid.501069.b,GB-CHC-310885
grid.501070.3,GB-CHC-1070904
grid.501072.1,GB-CHC-266239
grid.501074.7,GB-CHC-1111259
grid.501080.c,GB-CHC-1100784
grid.501081.d,GB-CHC-213132
grid.501085.9,GB-CHC-1125383
grid.501086.a,GB-CHC-296615
grid.501091.c,GB-CHC-1107831
grid.501092.f,GB-CHC-1010360
grid.501102.7,GB-CHC-1159798
grid.501104.1,GB-CHC-1001363
grid.501105.0,GB-CHC-1116920
grid.501107.2,GB-CHC-1046243
grid.501108.d,GB-CHC-1024838
grid.501110.4,GB-CHC-1146813
grid.501119.d,GB-CHC-1110244
grid.501122.5,GB-CHC-1152960
grid.501125.2,GB-CHC-1110009
grid.501128.f,GB-CHC-1089239
grid.501129.e,GB-CHC-262485
grid.501133.5,GB-CHC-1160847
grid.501142.3,GB-SC-SC037018
grid.501146.7,GB-CHC-1110522
grid.501148.9,GB-CHC-1129263
grid.501150.0,GB-CHC-1143235
grid.501155.5,GB-SC-SC037343
grid.501156.6,GB-CHC-529009
grid.501164.7,GB-CHC-1158843
grid.501169.a,GB-CHC-1107358
grid.501183.e,GB-CHC-313999
grid.501186.b,GB-SC-SC035482
grid.501190.c,GB-CHC-1155360
grid.501191.d,GB-CHC-1105276
grid.501197.b,GB-CHC-1053515
grid.501199.5,GB-CHC-1073437
grid.501206.0,GB-CHC-1094613
grid.501211.6,GB-CHC-1159937
grid.501213.4,GB-CHC-1102449
grid.501221.5,GB-CHC-1142396
grid.501223.7,GB-CHC-1170743
grid.501224.0,GB-CHC-1116775
grid.501227.3,GB-SC-SC018486
grid.501230.5,GB-CHC-298365
grid.501231.4,GB-CHC-1159612
grid.501232.7,GB-CHC-1146677
grid.501234.1,GB-CHC-1001838
grid.501235.0,GB-CHC-1080319
grid.501237.2,GB-CHC-1162478
grid.501239.c,GB-CHC-1093702
grid.501240.2,GB-CHC-1066553
grid.501241.3,GB-CHC-1039555
grid.501251.2,GB-CHC-1150158
grid.501254.7,GB-CHC-1061687
grid.501256.5,GB-CHC-217868
grid.501773.7,GB-CHC-1027201
grid.502715.4,GB-CHC-1097271
grid.502716.7,GB-CHC-1118470
grid.502732.1,GB-CHC-1110702
grid.502743.7,GB-CHC-1105974
grid.502745.1,GB-SC-SC012799
grid.502764.2,GB-SC-SC017417
grid.502775.2,GB-SC-SC011328
grid.502786.e,GB-CHC-292552
grid.502791.8,GB-CHC-210065
grid.502810.e,GB-SC-SC006187
grid.502828.5,GB-SC-SC042593
grid.502834.8,GB-CHC-1041198
grid.502852.8,GB-CHC-1099506
grid.502863.a,GB-CHC-1081657
grid.502864.d,GB-CHC-297977
grid.502866.f,GB-CHC-1010697
grid.502870.8,GB-CHC-1124896
grid.502873.b,GB-CHC-1144355
grid.502881.6,GB-CHC-1116260
grid.502882.5,GB-CHC-1015787
grid.502883.4,GB-CHC-1093468
grid.502902.c,GB-SC-SC003558
grid.502904.a,GB-CHC-275119
grid.502934.9,GB-CHC-528790
grid.502936.b,GB-CHC-1048990
grid.502937.a,GB-SC-SC048848
grid.502942.8,GB-CHC-279000
grid.502944.e,GB-CHC-1122424
grid.502947.d,GB-CHC-1176500
grid.502948.2,GB-CHC-1148679
grid.502949.3,GB-CHC-1135153
grid.502966.e,GB-CHC-218093
grid.502970.9,GB-SC-SC025038
grid.502973.a,GB-CHC-1158820
grid.502974.d,GB-CHC-1161123
grid.503463.7,GB-CHC-327421
grid.503579.d,GB-CHC-1133179
grid.503655.0,GB-CHC-1154230
grid.504018.8,GB-CHC-1113288
grid.505741.2,GB-CHC-277611
grid.507156.0,GB-CHC-313123
grid.507158.e,GB-CHC-1058787
grid.507160.5,GB-CHC-1038170
grid.507164.1,GB-CHC-1035810
grid.507165.0,GB-CHC-1089678
grid.507168.d,GB-CHC-313407
grid.507170.4,GB-CHC-1103852
grid.507175.1,GB-CHC-1085760
grid.507179.d,GB-CHC-261876
grid.507191.b,GB-SC-SC034372
grid.507198.2,GB-CHC-1089590
grid.507206.6,GB-CHC-1138223
grid.507359.d,GB-CHC-1147094
grid.507369.e,GB-CHC-207711
grid.507469.9,GB-CHC-803551
grid.507546.5,GB-CHC-1079797
grid.507667.5,GB-CHC-227523
grid.507683.f,GB-CHC-1163773
grid.507710.4,GB-CHC-1073859
grid.507774.6,GB-CHC-1039411
grid.508416.e,GB-CHC-210769
grid.508470.e,GB-CHC-1112100
grid.508471.f,GB-CHC-1109670
