RP Code,Company Number,Charity Number,Org ID
C3489,IP24566R,,GB-COH-IP24566R
4758,08604875,,GB-COH-08604875
4811,03191544,1056192,GB-CHC-1056192
LH0391,IP18313R,,GB-COH-IP18313R
L4240,IP28985R,,GB-COH-IP28985R
SL4293,IP29122R,,GB-COH-IP29122R
LH4149,IP28641R,,GB-COH-IP28641R
5094,11567414,,GB-COH-11567414
H0340,00945603,257782,GB-CHC-257782
H0315,00872566,257532,GB-CHC-257532
H3148,IP22810R,,GB-COH-IP22810R
H3162,IP22930R,,GB-COH-IP22930R
H3577,IP24739R,,GB-COH-IP24739R
H3403,IP23673R,,GB-COH-IP23673R
H3680,IP24552R,,GB-COH-IP24552R
H3230,IP22992R,,GB-COH-IP22992R
H0375,00736150,216779,GB-CHC-216779
H1185,00734705,247308,GB-CHC-247308
5066,09008680,1160258,GB-CHC-1160258
H2136,00754594,230902,GB-CHC-230902
H3294,10259078,1168173,GB-CHC-1168173
C3455,IP20588R,,GB-COH-IP20588R
LH2174,01261380,271547,GB-CHC-271547
L4172,03482228,,GB-COH-03482228
L4511,IP030444,,GB-COH-IP030444
LH1722,IP19229R,,GB-COH-IP19229R
SL3605,IP24992R,,GB-COH-IP24992R
4810,08251993,,GB-COH-08251993
L4229,03593345,1141067,GB-CHC-1141067
4660,01548338,511265,GB-CHC-511265
LH3197,IP16190R,,GB-COH-IP16190R
4788,RS032212,,GB-COH-RS032212
LH1388,IP20853R,,GB-COH-IP20853R
45UB,,,GB-LAE-ADU
LH0280,IP21143R,,GB-COH-IP21143R
4836,09901606,,GB-COH-09901606
L0916,IP21084R,,GB-COH-IP21084R
A1632,,230292,GB-CHC-230292
LH3673,IP23535R,,GB-COH-IP23535R
LH3917,IP27003R,,GB-COH-IP27003R
C3719,IP25349R,,GB-COH-IP25349R
A0473,,1076238,GB-CHC-1076238
H0357,00900504,252624,GB-CHC-252624
4741,IP27298R,,GB-COH-IP27298R
C4108,IP28427R,,GB-COH-IP28427R
A2406,,211205,GB-CHC-211205
A3714,,210463,GB-CHC-210463
A3050,,225632,GB-CHC-225632
A1157,,247066,GB-CHC-247066
A2569,,202499,GB-CHC-202499
A2987,,235609,GB-CHC-235609
L1033,IP16317R,,GB-COH-IP16317R
C3186,IP22754R,,GB-COH-IP22754R
C2438,IP21825R,,GB-COH-IP21825R
L4216,03691164,,GB-COH-03691164
LH4095,,1052183,GB-CHC-1052183
4722,04714960,,GB-COH-04714960
C2577,IP22248R,,GB-COH-IP22248R
A2481,,201068,GB-CHC-201068
A3759,07914471,215122,GB-CHC-215122
L4443,IP26395R,,GB-COH-IP26395R
L3713,IP025160,,GB-COH-IP025160
LH0884,IP21451R,,GB-COH-IP21451R
L0249,IP21033R,,GB-COH-IP21033R
C2303,IP21833R,,GB-COH-IP21833R
LH3811,IP23520R,,GB-COH-IP23520R
C3115,IP22252R,,GB-COH-IP22252R
4726,07916785,,GB-COH-07916785
45UC,,,GB-LAE-ARU
C3379,IP23862R,,GB-COH-IP23862R
4724,OC358082,,GB-COH-OC358082
4856,09278078,,GB-COH-09278078
A3257,,1074650,GB-CHC-1074650
37UB,,,GB-LAE-ASH
29UB,,,GB-LAE-ASF
C4133,IP28536R,,GB-COH-IP28536R
4716,06630015,,GB-COH-06630015
C3843,IP25805R,,GB-COH-IP25805R
L4199,RS007660,,GB-COH-RS007660
L4238,IP031218,,GB-COH-IP031218
4731,06736807,,GB-COH-06736807
4872,RS007605,,GB-COH-RS007605
4691,IP031530,,GB-COH-IP031530
L4393,IP29573R,,GB-COH-IP29573R
A3910,,249812,GB-CHC-249812
LH1396,00247685,208155,GB-CHC-208155
C3299,IP23769R,,GB-COH-IP23769R
4690,07345564,,GB-COH-07345564
4765,07451258,,GB-COH-07451258
4664,07422670,,GB-COH-07422670
5153,09734876,,GB-COH-09734876
A0211,,200230,GB-CHC-200230
L4455,IP29876R,,GB-COH-IP29876R
42UB,,,GB-LAE-BAB
4773,IP26575R,,GB-COH-IP26575R
LH1647,IP13299R,,GB-COH-IP13299R
C2437,IP21858R,,GB-COH-IP21858R
L4534,IP27419R,,GB-COH-IP27419R
L0394,IP17761R,,GB-COH-IP17761R
L2518,IP18135R,,GB-COH-IP18135R
00CC,,,GB-LAE-BNS
C3339,IP023741,,GB-COH-IP023741
16UC,,,GB-LAE-BAR
22UB,,,GB-LAE-BAI
37UC,,,GB-LAE-BAE
5110,,,GB-LAE-BAS
LH1028,IP13216R,,GB-COH-IP13216R
C2198,IP21669R,,GB-COH-IP21669R
L0913,IP19529R,,GB-COH-IP19529R
C3993,IP27131R,,GB-COH-IP27131R
5117,,,GB-LAE-BDF
LH1649,IP14845R,,GB-COH-IP14845R
SL3463,IP24230R,,GB-COH-IP24230R
4807,IP032132,,GB-COH-IP032132
C1810,IP21590R,,GB-COH-IP21590R
C2873,IP22367R,,GB-COH-IP22367R
5071,RS008076,,GB-COH-RS008076
A3448,,232743,GB-CHC-232743
LH3766,02163894,297877,GB-CHC-297877
4868,RS007711,,GB-COH-RS007711
4718,07375502,1143046,GB-CHC-1143046
A3334,,244329,GB-CHC-244329
L1216,IP20771R,,GB-COH-IP20771R
L0976,RS017138,,GB-COH-RS017138
A3035,,205964,GB-CHC-205964
LH4401,,1104989,GB-CHC-1104989
H1696,01618610,284839,GB-CHC-284839
L1397,IP19460R,,GB-COH-IP19460R
C3127,RS023041,,GB-COH-RS023041
L1299,IP19269R,,GB-COH-IP19269R
00CN,,,GB-LAE-BIR
L1389,IP18430R,,GB-COH-IP18430R
L2889,IP22624R,,GB-COH-IP22624R
L1511,IP21155R,,GB-COH-IP21155R
L1668,IP21157R,,GB-COH-IP21157R
4639,05194135,1106198,GB-CHC-1106198
00EY,,,GB-LAE-BPL
C4110,IP28428R,,GB-COH-IP28428R
4719,07825886,1154280,GB-CHC-1154280
4733,08083935,,GB-COH-08083935
A4196,,1015943,GB-CHC-1015943
A4038,,212834,GB-CHC-212834
17UC,,,GB-LAE-BOS
4568,RS007684,,GB-COH-RS007684
C3745,IP25801R,,GB-COH-IP25801R
C2788,IP22285R,,GB-COH-IP22285R
A4257,,243630,GB-CHC-243630
C3446,IP24120R,,GB-COH-IP24120R
L1002,IP19342R,,GB-COH-IP19342R
L0528,IP15920R,,GB-COH-IP15920R
LH0155,IP18497R,,GB-COH-IP18497R
H4246,03817056,1078728,GB-CHC-1078728
5069,,,GB-LAE-BPC
L0702,,219260,GB-CHC-219260
C1853,IP07226R,,GB-COH-IP07226R
L0302,IP15799R,,GB-COH-IP15799R
LH3887,IP26751R,,GB-COH-IP26751R
4860,01088965,503434,GB-CHC-503434
5132,12590273,1191575,GB-CHC-1191575
A3768,,517534,GB-CHC-517534
A0644,,230855,GB-CHC-230855
C3185,IP22481R,,GB-COH-IP22481R
L1007,IP16523R,,GB-COH-IP16523R
C4379,IP29317R,,GB-COH-IP29317R
4748,IP23652R,,GB-COH-IP23652R
22UD,,,GB-LAE-BRW
L1257,IP17727R,,GB-COH-IP17727R
L3921,02001246,299400,GB-CHC-299400
4736,07941530,1146838,GB-CHC-1146838
H4245,03746771,1076434,GB-CHC-1076434
H4315,IP21244R,,GB-COH-IP21244R
L3758,IP25495R,,GB-COH-IP25495R
A1614,,212270,GB-CHC-212270
00ML,,,GB-LAE-BNH
L0449,IP18784R,,GB-COH-IP18784R
C3638,IP22955R,,GB-COH-IP22955R
L0690,IP15926R,,GB-COH-IP15926R
H3835,02329407,800987,GB-CHC-800987
A4256,08272108,1075673,GB-CHC-1075673
00HB,,,GB-LAE-BST
4801,IP031243,,GB-COH-IP031243
L1990,IP21127R,,GB-COH-IP21127R
C2576,IP21766R,,GB-COH-IP21766R
LH4014,IP27656R,,GB-COH-IP27656R
L4218,03685650,1074954,GB-CHC-1074954
L0026,IP16274R,,GB-COH-IP16274R
5105,11940146,,GB-COH-11940146
C2430,IP21635R,,GB-COH-IP21635R
L4450,IP29991R,,GB-COH-IP29991R
4819,RS007106,,GB-COH-RS007106
L4449,IP29996R,,GB-COH-IP29996R
5139,03320296,1068007,GB-CHC-1068007
A0352,,210337,GB-CHC-210337
LH4415,04603611,1111423,GB-CHC-1111423
A1067,,206136,GB-CHC-206136
C3718,IP24856R,,GB-COH-IP24856R
37UD,,,GB-LAE-BRT
LH0269,00601847,201555,GB-CHC-201555
A2722,,213407,GB-CHC-213407
L2007,IP12653R,,GB-COH-IP12653R
A0752,,203155,GB-CHC-203155
00BM,,,GB-LAE-BUR
4881,,1174921,GB-CHC-1174921
A3163,,226853,GB-CHC-226853
A3825,,226852,GB-CHC-226852
A3623,,225965,GB-CHC-225965
4714,IP031376,,GB-COH-IP031376
5050,RS007038,,GB-COH-RS007038
L4254,03752751,1151945,GB-CHC-1151945
A0811,,200821,GB-CHC-200821
L1976,IP12773R,,GB-COH-IP12773R
12UB,,,GB-LAE-CAB
C1981,IP20301R,,GB-COH-IP20301R
41UB,,,GB-LAE-CAN
29UC,,,GB-LAE-CAT
4672,04653659,1172276,GB-CHC-1172276
4841,08075329,1147794,GB-CHC-1147794
4709,04580256,,GB-COH-04580256
22UE,,,GB-LAE-CAS
4858,RS007617,,GB-COH-RS007617
L0699,IP16561R,,GB-COH-IP16561R
C3856,IP26335R,,GB-COH-IP26335R
L0047,IP18909R,,GB-COH-IP18909R
H1528,IP27693R,,GB-COH-IP27693R
00KC,,,GB-LAE-CBF
H1869,01929421,292411,GB-CHC-292411
4641,06985746,1134768,GB-CHC-1134768
A2820,,205766,GB-CHC-205766
A2891,,244571,GB-CHC-244571
A2706,,237078,GB-CHC-237078
A3681,,232646,GB-CHC-232646
A3751,,801604,GB-CHC-801604
A0364,,201750,GB-CHC-201750
A2710,,221555,GB-CHC-221555
A2395,,224718,GB-CHC-224718
A4057,,215596,GB-CHC-215596
A4430,,230124,GB-CHC-230124
A3540,,218543,GB-CHC-218543
A0831,,267638,GB-CHC-267638
A3990,,243833,GB-CHC-243833
L4212,,1074613,GB-CHC-1074613
31UC,,,GB-LAE-CHA
4821,08662400,1162562,GB-CHC-1162562
L4331,,1149019,GB-CHC-1149019
5096,,,GB-LAE-CHL
23UB,,,GB-LAE-CHT
4572,04587658,,GB-COH-04587658
H4270,,250195,GB-CHC-250195
A2604,,200834,GB-CHC-200834
C3608,IP24833R,,GB-COH-IP24833R
38UB,,,GB-LAE-CHR
L4472,RS007528,,GB-COH-RS007528
00EW,,,GB-LAE-CHW
17UD,,,GB-LAE-CHS
LH3942,IP27077R,,GB-COH-IP27077R
L1306,IP19118R,,GB-COH-IP19118R
C3497,IP21903R,,GB-COH-IP21903R
L3642,IP025155,,GB-COH-IP025155
L1693,IP17650R,,GB-COH-IP17650R
A0821,,212419,GB-CHC-212419
L4178,IP26995R,,GB-COH-IP26995R
L4487,IP30155R,,GB-COH-IP30155R
30UE,,,GB-LAE-CHO
L4398,04782653,,GB-COH-04782653
LH4253,03736718,,GB-COH-03736718
LH0676,IP23577R,,GB-COH-IP23577R
4751,IP29818R,,GB-COH-IP29818R
A2868,,201387,GB-CHC-201387
A2070,,258758,GB-CHC-258758
L0104,IP21222R,,GB-COH-IP21222R
LH2916,IP22545R,,GB-COH-IP22545R
L1444,IP13733R,,GB-COH-IP13733R
5075,RS008181,,GB-COH-RS008181
00CX,,,GB-LAE-BRD
H3905,02449636,803226,GB-CHC-803226
32UD,,,GB-LAE-LIC
H1720,00560870,210443,GB-CHC-210443
00AA,,,GB-LAE-LND
A4055,,1040554,GB-CHC-1040554
00BK,,,GB-LAE-WSM
00FF,,,GB-LAE-YOR
4865,RS007686,,GB-COH-RS007686
LH4087,IP28038R,,GB-COH-IP28038R
L0156,IP20078R,,GB-COH-IP20078R
A1056,,218376,GB-CHC-218376
C3041,IP22517R,,GB-COH-IP22517R
LH4165,03284666,1066916,GB-CHC-1066916
L4361,IP29516R,,GB-COH-IP29516R
C3729,IP25567R,,GB-COH-IP25567R
22UG,,,GB-LAE-COL
A2482,,205441,GB-CHC-205441
LH1651,IP20799R,,GB-COH-IP20799R
A3325,,1189922,GB-CHC-1189922
A3033,,221281,GB-CHC-221281
C2457,IP21872R,,GB-COH-IP21872R
L4457,IP29838R,,GB-COH-IP29838R
4780,06682644,,GB-COH-06682644
A2991,,216763,GB-CHC-216763
L2285,IP17445R,,GB-COH-IP17445R
LH4353,,1105907,GB-CHC-1105907
L3261,IP23607R,,GB-COH-IP23607R
C3554,IP23694R,,GB-COH-IP23694R
A4153,,223340,GB-CHC-223340
A3647,,203831,GB-CHC-203831
C3675,IP25197R,,GB-COH-IP25197R
C3756,IP025165,,GB-COH-IP025165
LH0170,IP17107R,,GB-COH-IP17107R
A2946,,226757,GB-CHC-226757
C2417,IP21732R,,GB-COH-IP21732R
L0147,IP14457R,,GB-COH-IP14457R
C0580,IP18303R,,GB-COH-IP18303R
5088,IP30200R,,GB-COH-IP30200R
00HE,,,GB-LAE-CON
4570,04662007,,GB-COH-04662007
L3613,RS024935,,GB-COH-RS024935
LH1960,IP13969R,,GB-COH-IP13969R
C2787,IP22359R,,GB-COH-IP22359R
L0284,IP19473R,,GB-COH-IP19473R
5073,RS008003,,GB-COH-RS008003
L4312,03973387,,GB-COH-03973387
00HF,,,GB-LAE-IOS
A1071,,213030,GB-CHC-213030
H4433,04644358,1100493,GB-CHC-1100493
A0581,,228486,GB-CHC-228486
36UB,,,GB-LAE-CRA
45UE,,,GB-LAE-CRW
C3125,IP23039R,,GB-COH-IP23039R
4689,IP27440R,,GB-COH-IP27440R
H4058,02875065,1030782,GB-CHC-1030782
4715,07899933,,GB-COH-07899933
4764,07765904,,GB-COH-07765904
L1719,IP19175R,,GB-COH-IP19175R
LH4428,RS007643,,GB-COH-RS007643
C3335,IP22774R,,GB-COH-IP22774R
LH0495,IP17772R,,GB-COH-IP17772R
SL3118,IP23010R,,GB-COH-IP23010R
LH4336,04302179,,GB-COH-04302179
LH4209,RS007091,,GB-COH-RS007091
L1530,IP17479R,,GB-COH-IP17479R
C2695,IP22170R,,GB-COH-IP22170R
26UC,,,GB-LAE-DAC
A4408,,235143,GB-CHC-235143
A3010,,204351,GB-CHC-204351
C3300,IP23662R,,GB-COH-IP23662R
00EH,,,GB-LAE-DAL
LH2346,IP21751R,,GB-COH-IP21751R
A2448,,210339,GB-CHC-210339
29UD,,,GB-LAE-DAR
L2023,,209301,GB-CHC-209301
C3890,IP26469R,,GB-COH-IP26469R
5058,RS008724,,GB-COH-RS008724
A4271,,212230,GB-CHC-212230
C4100,IP28373R,,GB-COH-IP28373R
C3691,IP25315R,,GB-COH-IP25315R
4792,08561164,1155073,GB-CHC-1155073
C2300,RS021824,,GB-COH-RS021824
00FK,,,GB-LAE-DER
4576,04380984,,GB-COH-04380984
5100,,,GB-LAE-DEB
4677,05886593,,GB-COH-05886593
4790,IP032253,,GB-COH-IP032253
L0715,IP18127R,,GB-COH-IP18127R
5081,11316045,,GB-COH-11316045
4648,IP031192,,GB-COH-IP031192
C3226,IP22957R,,GB-COH-IP22957R
4787,08580060,,GB-COH-08580060
4813,IP032446,,GB-COH-IP032446
00CE,,,GB-LAE-DNC
H3639,,250973,GB-CHC-250973
A2255,,207251,GB-CHC-207251
A2917,,206379,GB-CHC-206379
5099,,,GB-LAE-DST
4852,03973592,,GB-COH-03973592
29UE,,,GB-LAE-DOV
A2367,,221225,GB-CHC-221225
LH4090,IP28156R,,GB-COH-IP28156R
00CR,,,GB-LAE-DUD
A4157,,240563,GB-CHC-240563
5087,01041946,501556,GB-CHC-501556
5125,,222673,GB-CHC-222673
A3213,,222673,GB-CHC-222673
00EJ,,,GB-LAE-DUR
A2721,,219582,GB-CHC-219582
A3538,,204123,GB-CHC-204123
A3485,,512195,GB-CHC-512195
L0519,IP16946R,,GB-COH-IP16946R
18UB,,,GB-LAE-EDE
L4434,04516155,1107691,GB-CHC-1107691
26UD,,,GB-LAE-EHE
L4530,IP030476,,GB-COH-IP030476
00FB,,,GB-LAE-ERY
5070,,,GB-LAE-ESK
21UC,,,GB-LAE-EAS
5133,,,GB-LAE-EAT
L4499,IP30124R,,GB-COH-IP30124R
4670,05439373,1115721,GB-CHC-1115721
LH3882,IP26343R,,GB-COH-IP26343R
L0451,IP16991R,,GB-COH-IP16991R
L4140,IP28435R,,GB-COH-IP28435R
C2745,IP22237R,,GB-COH-IP22237R
C3098,IP22859R,,GB-COH-IP22859R
LH3940,IP25683R,,GB-COH-IP25683R
L3262,IP23431R,,GB-COH-IP23431R
C3609,IP24822R,,GB-COH-IP24822R
A1168,,220857,GB-CHC-220857
LH0977,RS016402,,GB-COH-RS016402
A2786,,217309,GB-CHC-217309
A3205,,209211,GB-CHC-209211
C3129,IP22994R,,GB-COH-IP22994R
H0374,00738023,220392,GB-CHC-220392
4775,IP032198,,GB-COH-IP032198
A3838,,501041,GB-CHC-501041
A3386,,205892,GB-CHC-205892
4663,04874816,,GB-COH-04874816
L4167,03333405,1118644,GB-CHC-1118644
4784,RS008071,,GB-COH-RS008071
L4004,IP27606R,,GB-COH-IP27606R
LH0526,00173199,211235,GB-CHC-211235
22UH,,,GB-LAE-EPP
L0038,IP13658R,,GB-COH-IP13658R
L3535,IP23240R,,GB-COH-IP23240R
A3245,,229908,GB-CHC-229908
L2650,,1051498,GB-CHC-1051498
C3023,IP22834R,,GB-COH-IP22834R
H4400,04796537,1099051,GB-CHC-1099051
C3284,IP23090R,,GB-COH-IP23090R
4794,08519802,,GB-COH-08519802
18UC,,,GB-LAE-EXE
A1921,,201530,GB-CHC-201530
4774,08272357,1152491,GB-CHC-1152491
L3790,RS025604,,GB-COH-RS025604
C0447,IP21474R,,GB-COH-IP21474R
4797,07902595,,GB-COH-07902595
4771,06653419,,GB-COH-06653419
L3629,IP24994R,,GB-COH-IP24994R
C2747,RS022082,,GB-COH-RS022082
L1236,IP18542R,,GB-COH-IP18542R
24UE,,,GB-LAE-FAR
A3761,,1167718,GB-CHC-1167718
5049,08423003,,GB-COH-08423003
A3989,,237291,GB-CHC-237291
C2949,IP22007R,,GB-COH-IP22007R
4832,08733712,,GB-COH-08733712
4582,IP031138,,GB-COH-IP031138
5090,RS008333,,GB-COH-RS008333
4702,07749192,,GB-COH-07749192
4569,04533752,,GB-COH-04533752
A2363,,207524,GB-CHC-207524
L2195,IP21187R,,GB-COH-IP21187R
4651,IP031211,,GB-COH-IP031211
5140,12630477,,GB-COH-12630477
29UL,,,GB-LAE-SHE
A3536,,202643,GB-CHC-202643
L0087,IP16466R,,GB-COH-IP16466R
L4528,IP030483,,GB-COH-IP030483
A4023,,255280,GB-CHC-255280
4688,01829004,515517,GB-CHC-515517
LH0910,RS020179,,GB-COH-RS020179
LH4184,03318404,1060941,GB-CHC-1060941
A4071,,225140,GB-CHC-225140
A0656,,222746,GB-CHC-222746
L1680,IP14582R,,GB-COH-IP14582R
C3991,IP26079R,,GB-COH-IP26079R
L4463,IP29744R,,GB-COH-IP29744R
A2709,,209795,GB-CHC-209795
4739,OC378356,,GB-COH-OC378356
L4204,IP28841R,,GB-COH-IP28841R
4829,09353468,,GB-COH-09353468
L4372,04380728,1105751,GB-CHC-1105751
L4498,05775392,1120949,GB-CHC-1120949
L4502,06293737,,GB-COH-06293737
00CH,,,GB-LAE-GAT
L0517,IP10433R,,GB-COH-IP10433R
5124,,,GB-LAE-GED
C3906,RS026862,,GB-COH-RS026862
L4313,RS007302,,GB-COH-RS007302
5123,,211197,GB-CHC-211197
A3038,,211197,GB-CHC-211197
A4080,,220680,GB-CHC-220680
L3598,IP22622R,,GB-COH-IP22622R
C3378,IP023827,,GB-COH-IP023827
L0664,IP19874R,,GB-COH-IP19874R
C2730,IP22274R,,GB-COH-IP22274R
23UE,,,GB-LAE-GLO
4584,RS007041,,GB-COH-RS007041
L3626,IP24854R,,GB-COH-IP24854R
A3267,09537230,1164175,GB-CHC-1164175
C4135,IP28487R,,GB-COH-IP28487R
4803,RS008734,,GB-COH-RS008734
LH4402,RS007628,,GB-COH-RS007628
4799,04454814,1098520,GB-CHC-1098520
24UF,,,GB-LAE-GOS
C3227,IP23251R,,GB-COH-IP23251R
4743,04630928,,GB-COH-04630928
H3862,IP25713R,,GB-COH-IP25713R
A1752,,246018,GB-CHC-246018
C2683,IP21905R,,GB-COH-IP21905R
5060,RS007853,,GB-COH-RS007853
A3583,,215491,GB-CHC-215491
LH0870,IP16849R,,GB-COH-IP16849R
29UG,,,GB-LAE-GRA
A0846,,211953,GB-CHC-211953
L1230,IP19564R,,GB-COH-IP19564R
L4465,IP30045R,,GB-COH-IP30045R
H3762,IP25081R,,GB-COH-IP25081R
33UD,,,GB-LAE-GRY
L4509,IP030097,,GB-COH-IP030097
C2682,IP22100R,,GB-COH-IP22100R
L1393,IP20859R,,GB-COH-IP20859R
4833,RS007418,,GB-COH-RS007418
LH3902,RS027052,,GB-COH-RS027052
L0308,IP15079R,,GB-COH-IP15079R
5135,11604749,,GB-COH-11604749
LH4152,03241634,1058613,GB-CHC-1058613
LH4106,03021390,1044658,GB-CHC-1044658
43UD,,,GB-LAE-GRT
LH0971,IP13250R,,GB-COH-IP13250R
L4497,IP30337R,,GB-COH-IP30337R
L2441,IP17017R,,GB-COH-IP17017R
LH0459,IP00172R,,GB-COH-IP00172R
5128,12029015,,GB-COH-12029015
C2744,IP22010R,,GB-COH-IP22010R
4695,07277557,1139580,GB-CHC-1139580
4661,07601918,,GB-COH-07601918
L4456,,1111346,GB-CHC-1111346
4685,02544279,,GB-COH-02544279
C3724,RS025531,,GB-COH-RS025531
A1789,06928467,205856,GB-CHC-205856
C3772,IP24720R,,GB-COH-IP24720R
4791,08314228,,GB-COH-08314228
LH3594,IP24295R,,GB-COH-IP24295R
A4354,,210145,GB-CHC-210145
00AP,,,GB-LAE-HRY
22UJ,,,GB-LAE-HAR
A0163,,207594,GB-CHC-207594
A2323,,200553,GB-CHC-200553
A0458,,217193,GB-CHC-217193
A1920,,224941,GB-CHC-224941
A4410,04932686,1101143,GB-CHC-1101143
36UD,,,GB-LAE-HAG
L1015,IP20924R,,GB-COH-IP20924R
L2188,IP18925R,,GB-COH-IP18925R
H0705,IP18429R,,GB-COH-IP18429R
L0923,IP17410R,,GB-COH-IP17410R
00EB,,,GB-LAE-HPL
L2173,IP16582R,,GB-COH-IP16582R
5116,,,GB-LAE-HAS
L0018,IP16243R,,GB-COH-IP16243R
C2304,IP21873R,,GB-COH-IP21873R
L0938,IP13165R,,GB-COH-IP13165R
LH3889,IP25918R,,GB-COH-IP25918R
4815,03366848,1064495,GB-CHC-1064495
4707,02328684,1076383,GB-CHC-1076383
C3963,IP27094R,,GB-COH-IP27094R
L4526,IP030446,,GB-COH-IP030446
4783,00170981,218808,GB-CHC-218808
4634,IP031076,,GB-COH-IP031076
4658,07384975,,GB-COH-07384975
C2390,IP21857R,,GB-COH-IP21857R
A0379,,221317,GB-CHC-221317
L4340,,1107073,GB-CHC-1107073
4744,07979268,,GB-COH-07979268
L1515,IP16353R,,GB-COH-IP16353R
L1998,IP10944R,,GB-COH-IP10944R
4847,04299623,1089763,GB-CHC-1089763
5104,,,GB-LAE-HEF
LH4261,03202862,1057387,GB-CHC-1057387
C2976,IP22509R,,GB-COH-IP22509R
L1856,,235827,GB-CHC-235827
L1538,IP19128R,,GB-COH-IP19128R
4796,08610471,,GB-COH-08610471
4668,06573772,,GB-COH-06573772
5064,10847988,,GB-COH-10847988
A2485,,214672,GB-CHC-214672
H3853,IP26358R,,GB-COH-IP26358R
17UH,,,GB-LAE-HIG
4776,RS008618,,GB-COH-RS008618
L2179,IP18077R,,GB-COH-IP18077R
LH1315,IP12687R,,GB-COH-IP12687R
4760,06953867,,GB-COH-06953867
L4447,IP29857R,,GB-COH-IP29857R
31UE,,,GB-LAE-HIN
C3454,IP24333R,,GB-COH-IP24333R
C2206,IP21755R,,GB-COH-IP21755R
C3298,IP22962R,,GB-COH-IP22962R
L4003,IP27352R,,GB-COH-IP27352R
L1994,IP16513R,,GB-COH-IP16513R
C2422,IP22013R,,GB-COH-IP22013R
C3769,IP025056,,GB-COH-IP025056
L3076,IP22981R,,GB-COH-IP22981R
4742,04566985,1098126,GB-CHC-1098126
C3891,IP27159R,,GB-COH-IP27159R
4785,IP30389R,,GB-COH-IP30389R
LH4121,IP28312R,,GB-COH-IP28312R
LH2021,IP13406R,,GB-COH-IP13406R
LH2162,IP17093R,,GB-COH-IP17093R
A2837,,209342,GB-CHC-209342
LH3903,IP25993R,,GB-COH-IP25993R
H0995,IP14948R,,GB-COH-IP14948R
L0719,IP11578R,,GB-COH-IP11578R
A1273,,216275,GB-CHC-216275
C3044,IP22442R,,GB-COH-IP22442R
L0055,IP16791R,,GB-COH-IP16791R
L0970,00420651,211351,GB-CHC-211351
A0376,,211053,GB-CHC-211053
L4073,IP27876R,,GB-COH-IP27876R
L1312,IP05305R,,GB-COH-IP05305R
4828,04936165,1101976,GB-CHC-1101976
L3305,IP22797R,,GB-COH-IP22797R
L2434,IP11133R,,GB-COH-IP11133R
H4310,02630447,1007875,GB-CHC-1007875
A0132,,226291,GB-CHC-226291
4713,01820492,515755,GB-CHC-515755
A0798,,1072080,GB-CHC-1072080
L0718,IP11577R,,GB-COH-IP11577R
C2586,IP22050R,,GB-COH-IP22050R
L2022,,238170,GB-CHC-238170
LH0032,IP18195R,,GB-COH-IP18195R
L4223,IP28851R,,GB-COH-IP28851R
H0312,00244598,215575,GB-CHC-215575
4822,04713032,,GB-COH-04713032
C3755,,,GB-MPR-24914R
H3858,02337961,801035,GB-CHC-801035
4662,06169583,,GB-COH-06169583
L4363,04221767,,GB-COH-04221767
L4476,04221767,,GB-COH-04221767
LH3829,RS024847,,GB-COH-RS024847
LH3728,IP25733R,,GB-COH-IP25733R
42UD,,,GB-LAE-IPS
C4321,IP25290R,,GB-COH-IP25290R
L0061,IP20684R,,GB-COH-IP20684R
C3770,IP23746R,,GB-COH-IP23746R
L1815,IP12313R,,GB-COH-IP12313R
5144,,,GB-LAE-IOW
4675,05577965,1112467,GB-CHC-1112467
L0457,IP11614R,,GB-COH-IP11614R
C2579,IP21646R,,GB-COH-IP21646R
4737,06565577,,GB-COH-06565577
5152,11688135,,GB-COH-11688135
A2293,,222306,GB-CHC-222306
A2989,,205757,GB-CHC-205757
A1254,,227487,GB-CHC-227487
A0567,,223223,GB-CHC-223223
LH0902,IP15697R,,GB-COH-IP15697R
LH4345,IP29433R,,GB-COH-IP29433R
L4532,,1126523,GB-CHC-1126523
LH0131,IP16668R,,GB-COH-IP16668R
LH4266,03807022,1146435,GB-CHC-1146435
A2670,02447900,802559,GB-CHC-802559
A0513,07568820,1143234,GB-CHC-1143234
A3457,,219747,GB-CHC-219747
A1194,,223912,GB-CHC-223912
A3970,,228137,GB-CHC-228137
L1231,IP19198R,,GB-COH-IP19198R
A1442,,233957,GB-CHC-233957
A2067,,205312,GB-CHC-205312
A1274,,224669,GB-CHC-224669
5079,RS008209,,GB-COH-RS008209
L4549,IP19305R,1183751,GB-CHC-1183751
LH0117,IP21271R,,GB-COH-IP21271R
4846,RS007529,,GB-COH-RS007529
4770,IP26815R,,GB-COH-IP26815R
4647,06972673,1133321,GB-CHC-1133321
5097,,1172208,GB-CHC-1172208
L1965,IP19475R,,GB-COH-IP19475R
4823,08689835,,GB-COH-08689835
4712,IP031141,,GB-COH-IP031141
4725,07515282,,GB-COH-07515282
4667,IP26953R,,GB-COH-IP26953R
C2694,IP22264R,,GB-COH-IP22264R
A2250,,212358,GB-CHC-212358
L1716,IP19197R,,GB-COH-IP19197R
A0486,,236411,GB-CHC-236411
00FA,,,GB-LAE-KHL
L0891,IP17374R,,GB-COH-IP17374R
4769,08129373,,GB-COH-08129373
C3347,IP23098R,,GB-COH-IP23098R
4735,IP031705,,GB-COH-IP031705
00CZ,,,GB-LAE-KIR
C3573,RS024637,,GB-COH-RS024637
L4544,IP26648R,,GB-COH-IP26648R
L0438,IP16677R,,GB-COH-IP16677R
A3567,,229068,GB-CHC-229068
C1686,RS021578,,GB-COH-RS021578
L0927,IP14888R,,GB-COH-IP14888R
L4346,IP21727R,,GB-COH-IP21727R
C3690,RS025311,,GB-COH-RS025311
30UH,,,GB-LAE-LAC
4693,07888191,1146304,GB-CHC-1146304
C3777,IP25648R,,GB-COH-IP25648R
4727,07281246,,GB-COH-07281246
H0895,IP16366R,,GB-COH-IP16366R
C2416,IP21504R,,GB-COH-IP21504R
A2064,,211702,GB-CHC-211702
L4195,,1072539,GB-CHC-1072539
4633,06888341,1133627,GB-CHC-1133627
LH0704,IP14238R,,GB-COH-IP14238R
00DA,,,GB-LAE-LDS
LH0989,IP21457R,,GB-COH-IP21457R
L0440,IP14424R,,GB-COH-IP14424R
5149,OC435745,,GB-COH-OC435745
5148,OC435744,,GB-COH-OC435744
5062,11223470,,GB-COH-11223470
5147,13230922,,GB-COH-13230922
5146,13230947,,GB-COH-13230947
00FN,,,GB-LAE-LCE
H2381,00159933,213513,GB-CHC-213513
A2074,07860164,1145847,GB-CHC-1145847
C3207,IP23184R,,GB-COH-IP23184R
4863,08972242,1157757,GB-CHC-1157757
21UF,,,GB-LAE-LEE
C2313,IP21700R,,GB-COH-IP21700R
C3674,IP23899R,,GB-COH-IP23899R
5134,,,GB-LAE-LIF
4734,06786752,1128355,GB-CHC-1128355
A3358,,237056,GB-CHC-237056
4795,02908711,1046933,GB-CHC-1046933
4877,RS007748,,GB-COH-RS007748
L3698,IP25276R,,GB-COH-IP25276R
H2676,00734870,243017,GB-CHC-243017
4752,07992672,,GB-COH-07992672
C3441,IP24148R,,GB-COH-IP24148R
L1255,IP13413R,,GB-COH-IP13413R
5074,,,GB-LAE-LIV
C2849,IP22321R,,GB-COH-IP22321R
L0063,IP15898R,,GB-COH-IP15898R
4873,RS007724,,GB-COH-RS007724
L4538,IP030568,,GB-COH-IP030568
LH4343,,1103644,GB-CHC-1103644
LH4454,IP29840R,,GB-COH-IP29840R
H1972,IP16747R,,GB-COH-IP16747R
4827,08847846,,GB-COH-08847846
C0508,IP21367R,,GB-COH-IP21367R
L4517,IP030441,,GB-COH-IP030441
00AB,,,GB-LAE-BDG
00AC,,,GB-LAE-BNE
00AD,,,GB-LAE-BEX
00AE,,,GB-LAE-BEN
5103,,,GB-LAE-BRY
00AG,,,GB-LAE-CMD
00AH,,,GB-LAE-CRY
00AJ,,,GB-LAE-EAL
00AK,,,GB-LAE-ENF
00AL,,,GB-LAE-GRE
00AM,,,GB-LAE-HCK
00AN,,,GB-LAE-HMF
00AQ,,,GB-LAE-HRW
00AR,,,GB-LAE-HAV
00AS,,,GB-LAE-HIL
00AT,,,GB-LAE-HNS
00AU,,,GB-LAE-ISL
00AY,,,GB-LAE-LBH
00AZ,,,GB-LAE-LEW
00BA,,,GB-LAE-MRT
00BB,,,GB-LAE-NWM
00BC,,,GB-LAE-RDB
00BF,,,GB-LAE-STN
00BG,,,GB-LAE-TWH
00BH,,,GB-LAE-WFT
00BJ,,,GB-LAE-WND
LH4377,01197478,269158,GB-CHC-269158
L1710,IP17979R,,GB-COH-IP17979R
L4277,03958380,,GB-COH-03958380
C3272,IP23463R,,GB-COH-IP23463R
LH0013,IP21004R,,GB-COH-IP21004R
A1892,,220078,GB-CHC-220078
5141,12107117,,GB-COH-12107117
5106,RS008279,,GB-COH-RS008279
L3880,IP26654R,,GB-COH-IP26654R
00KA,,,GB-LAE-LUT
L1518,IP19688R,,GB-COH-IP19688R
L4420,03977954,1089147,GB-CHC-1089147
C4112,IP28416R,,GB-COH-IP28416R
4630,06996964,1139327,GB-CHC-1139327
5115,12199619,,GB-COH-12199619
L4435,04912562,1106969,GB-CHC-1106969
4844,RS007520,,GB-COH-RS007520
29UH,,,GB-LAE-MAI
4637,07252320,,GB-COH-07252320
L1551,05972159,1120475,GB-CHC-1120475
4777,08458421,,GB-COH-08458421
00BN,,,GB-LAE-MAN
L1714,IP15494R,,GB-COH-IP15494R
L0406,RS020511,,GB-COH-RS020511
L3736,IP25548R,,GB-COH-IP25548R
37UF,,,GB-LAE-MAS
LH0959,IP18884R,,GB-COH-IP18884R
A3697,,216309,GB-CHC-216309
A3387,,211606,GB-CHC-211606
L1031,IP17670R,,GB-COH-IP17670R
A3822,,518431,GB-CHC-518431
A0318,,204281,GB-CHC-204281
L4303,IP030648,,GB-COH-IP030648
A4039,,222025,GB-CHC-222025
L0673,IP21444R,,GB-COH-IP21444R
C3557,IP24580R,,GB-COH-IP24580R
C2462,IP21904R,,GB-COH-IP21904R
5121,12330830,,GB-COH-12330830
00LC,,,GB-LAE-MDW
31UG,,,GB-LAE-MEL
A2600,,201233,GB-CHC-201233
L4485,IP30012R,,GB-COH-IP30012R
L1259,,206064,GB-CHC-206064
LH2343,IP21860R,,GB-COH-IP21860R
A3634,,293247,GB-CHC-293247
L0726,IP16337R,,GB-COH-IP16337R
18UD,,,GB-LAE-MDE
42UE,,,GB-LAE-MSU
00EC,,,GB-LAE-MDB
L4466,IP30069R,,GB-COH-IP30069R
C3396,IP23481R,,GB-COH-IP23481R
L3974,IP27232R,,GB-COH-IP27232R
C3285,IP23547R,,GB-COH-IP23547R
C3637,RS025071,,GB-COH-RS025071
00MG,,,GB-LAE-MIK
4870,02769788,1125743,GB-CHC-1125743
C4113,IP28417R,,GB-COH-IP28417R
LH1704,IP21027R,,GB-COH-IP21027R
C3627,IP025030,,GB-COH-IP025030
L0386,IP17434R,,GB-COH-IP17434R
L4047,IP27943R,,GB-COH-IP27943R
43UE,,,GB-LAE-MOL
C2903,IP22006R,,GB-COH-IP22006R
SL3447,IP24178R,,GB-COH-IP24178R
4857,RS007609,,GB-COH-RS007609
L0042,IP16264R,,GB-COH-IP16264R
5120,11019415,,GB-COH-11019415
5063,10069333,,GB-COH-10069333
L2194,IP18632R,,GB-COH-IP18632R
L1253,IP19876R,,GB-COH-IP19876R
C3635,IP23965R,,GB-COH-IP23965R
A3266,,232200,GB-CHC-232200
A0736,,203516,GB-CHC-203516
4779,08257055,1149955,GB-CHC-1149955
4781,00203583,226171,GB-CHC-226171
LH2204,00073749,212810,GB-CHC-212810
L3833,IP25952R,,GB-COH-IP25952R
4825,RS007326,,GB-COH-RS007326
24UJ,,,GB-LAE-NEW
L3704,RS024622,,GB-COH-RS024622
4666,IP29985R,,GB-COH-IP29985R
C3574,IP23909R,,GB-COH-IP23909R
C3628,IP025124,,GB-COH-IP025124
H0924,IP21410R,,GB-COH-IP21410R
4798,03199738,1055759,GB-CHC-1055759
C2548,IP21962R,,GB-COH-IP21962R
C3409,IP23496R,,GB-COH-IP23496R
4763,06984884,,GB-COH-06984884
LH3980,IP26061R,,GB-COH-IP26061R
37UG,,,GB-LAE-NEA
L0961,IP18586R,,GB-COH-IP18586R
00CJ,,,GB-LAE-NET
C3026,IP22540R,,GB-COH-IP22540R
L0006,IP18449R,,GB-COH-IP18449R
A0582,,216930,GB-CHC-216930
C3024,IP22738R,,GB-COH-IP22738R
LH4249,03674687,1164142,GB-CHC-1164142
17UJ,,,GB-LAE-NED
H2168,00702712,201653,GB-CHC-201653
32UE,,,GB-LAE-NKE
LH3859,IP26406R,,GB-COH-IP26406R
5098,,,GB-LAE-NNO
5129,,,GB-LAE-NNT
00HC,,,GB-LAE-NSM
LH0084,IP21256R,,GB-COH-IP21256R
00CK,,,GB-LAE-NTY
44UB,,,GB-LAE-NWA
31UH,,,GB-LAE-NWL
L3981,IP27416R,,GB-COH-IP27416R
C2850,IP22505R,,GB-COH-IP22505R
A2405,,212320,GB-CHC-212320
00EM,,,GB-LAE-NBL
4676,01870880,701800,GB-CHC-701800
33UG,,,GB-LAE-NOW
A0485,,1094602,GB-CHC-1094602
L1405,IP11676R,,GB-COH-IP11676R
C3517,IP22666R,,GB-COH-IP22666R
4880,RS007746,,GB-COH-RS007746
SL3119,IP23066R,,GB-COH-IP23066R
00FY,,,GB-LAE-NGM
4862,09810057,,GB-COH-09810057
4817,RS007104,,GB-COH-RS007104
L4459,IP29804R,,GB-COH-IP29804R
L4468,IP30011R,,GB-COH-IP30011R
44UC,,,GB-LAE-NUN
31UJ,,,GB-LAE-OAD
4720,07830210,,GB-COH-07830210
C4101,IP28375R,,GB-COH-IP28375R
C4042,IP27839R,,GB-COH-IP27839R
L4422,05000720,,GB-COH-05000720
LH4248,05000720,,GB-COH-05000720
L0067,IP21045R,,GB-COH-IP21045R
L0717,IP13991R,,GB-COH-IP13991R
L3757,IP24843R,,GB-COH-IP24843R
A1843,06789361,1127979,GB-CHC-1127979
A0564,,267200,GB-CHC-267200
L2000,IP12223R,,GB-COH-IP12223R
C3992,IP27551R,,GB-COH-IP27551R
C3726,IP025032,,GB-COH-IP025032
00BP,,,GB-LAE-OLD
4635,07318252,,GB-COH-07318252
LH0171,IP20453R,,GB-COH-IP20453R
4808,RS007018,,GB-COH-RS007018
4804,RS007072,,GB-COH-RS007072
H4418,04430743,1102301,GB-CHC-1102301
L4486,RS007639,,GB-COH-RS007639
4649,IP031216,,GB-COH-IP031216
LH0250,IP17186R,,GB-COH-IP17186R
4851,RS007561,,GB-COH-RS007561
L4123,IP28503R,,GB-COH-IP28503R
L4060,IP27802R,,GB-COH-IP27802R
4699,07532748,,GB-COH-07532748
A0072,05402303,1109141,GB-CHC-1109141
L1322,IP16793R,,GB-COH-IP16793R
LH4162,IP28637R,,GB-COH-IP28637R
4766,IP031985,,GB-COH-IP031985
L0871,IP10008R,,GB-COH-IP10008R
C2046,IP22102R,,GB-COH-IP22102R
L0028,IP16460R,,GB-COH-IP16460R
LH1836,00292967,210396,GB-CHC-210396
5095,11164788,,GB-COH-11164788
C3277,IP23332R,,GB-COH-IP23332R
38UC,,,GB-LAE-OXO
5143,IP30158R,,GB-COH-IP30158R
4876,09668602,,GB-COH-09668602
C3607,IP025080,,GB-COH-IP025080
L2498,IP16489R,,GB-COH-IP16489R
C4044,IP25291R,,GB-COH-IP25291R
C3650,IP24790R,,GB-COH-IP24790R
LH4138,IP27789R,,GB-COH-IP27789R
L4215,IP28844R,,GB-COH-IP28844R
C3128,IP22222R,,GB-COH-IP22222R
4849,RS007536,,GB-COH-RS007536
4728,RS008393,,GB-COH-RS008393
C3636,IP025122,,GB-COH-IP025122
5056,11102291,,GB-COH-11102291
A2759,,200953,GB-CHC-200953
4768,02936842,,GB-COH-02936842
4842,09337431,1161696,GB-CHC-1161696
L3885,IP26804R,,GB-COH-IP26804R
4869,RS007636,,GB-COH-RS007636
4878,RS007741,,GB-COH-RS007741
A3648,,293663,GB-CHC-293663
L1512,IP18129R,,GB-COH-IP18129R
L3899,IP26807R,,GB-COH-IP26807R
5061,11043072,,GB-COH-11043072
C2412,IP21760R,,GB-COH-IP21760R
A1348,,230946,GB-CHC-230946
C2938,IP22710R,,GB-COH-IP22710R
L1243,IP19080R,,GB-COH-IP19080R
A2334,,238044,GB-CHC-238044
L4088,IP27746R,,GB-COH-IP27746R
A0600,,203141,GB-CHC-203141
C3739,RS025646,,GB-COH-RS025646
LH0888,IP20037R,,GB-COH-IP20037R
5086,,224640,GB-CHC-224640
A4021,,224640,GB-CHC-224640
5112,,,GB-LAE-PTE
L0244,IP20803R,,GB-COH-IP20803R
L4505,IP30057R,,GB-COH-IP30057R
C3556,IP22904R,,GB-COH-IP22904R
H3795,01626869,284880,GB-CHC-284880
A4020,,1014862,GB-CHC-1014862
L1001,IP20002R,,GB-COH-IP20002R
L3692,RS025192,,GB-COH-RS025192
L1958,IP12758R,,GB-COH-IP12758R
C4102,IP28372R,,GB-COH-IP28372R
4700,07760630,,GB-COH-07760630
L1533,IP12901R,,GB-COH-IP12901R
C4380,IP28982R,,GB-COH-IP28982R
4747,06211760,1121914,GB-CHC-1121914
L4236,03777037,,GB-COH-03777037
L0659,IP19447R,,GB-COH-IP19447R
LH3926,IP20014R,,GB-COH-IP20014R
4789,IP032239,,GB-COH-IP032239
5084,RS008288,,GB-COH-RS008288
4757,03311700,,GB-COH-03311700
SL3224,IP23202R,,GB-COH-IP23202R
L4556,IP031012,,GB-COH-IP031012
A4273,,1076364,GB-CHC-1076364
L4543,IP030637,,GB-COH-IP030637
H0007,IP20360R,,GB-COH-IP20360R
L0119,IP19569R,,GB-COH-IP19569R
L2205,IP13111R,,GB-COH-IP13111R
L4170,,1064397,GB-CHC-1064397
5114,RS008219,,GB-COH-RS008219
LH4163,IP28635R,,GB-COH-IP28635R
L0011,IP16913R,,GB-COH-IP16913R
H1653,00037169,226226,GB-CHC-226226
C3338,IP22575R,,GB-COH-IP22575R
H2739,IP17255R,,GB-COH-IP17255R
00MR,,,GB-LAE-POR
L0686,IP18951R,,GB-COH-IP18951R
5093,10403857,,GB-COH-10403857
L2036,IP17340R,,GB-COH-IP17340R
LH4275,03865806,1080752,GB-CHC-1080752
C3172,IP22677R,,GB-COH-IP22677R
C2421,IP21430R,,GB-COH-IP21430R
LH4032,IP27792R,,GB-COH-IP27792R
LH4189,IP28685R,,GB-COH-IP28685R
4800,03816738,1079475,GB-CHC-1079475
4750,07575387,,GB-COH-07575387
L0695,IP19322R,,GB-COH-IP19322R
C3530,IP23924R,,GB-COH-IP23924R
L0908,IP16049R,,GB-COH-IP16049R
C2157,IP21838R,,GB-COH-IP21838R
4703,05876659,1116196,GB-CHC-1116196
L2159,IP17284R,,GB-COH-IP17284R
A1855,12463812,1188450,GB-CHC-1188450
A2945,,204548,GB-CHC-204548
H2362,00908333,254140,GB-CHC-254140
L4334,IP30070R,,GB-COH-IP30070R
C3826,IP25586R,,GB-COH-IP25586R
H3182,IP22760R,,GB-COH-IP22760R
5108,11402080,,GB-COH-11402080
00MC,,,GB-LAE-RDG
L4551,05646553,1140731,GB-CHC-1140731
5136,11815073,,GB-COH-11815073
H0670,IP15951R,,GB-COH-IP15951R
C3771,IP25667R,,GB-COH-IP25667R
4682,IP031322,,GB-COH-IP031322
47UD,,,GB-LAE-RED
C4378,IP29362R,,GB-COH-IP29362R
L1812,IP19938R,,GB-COH-IP19938R
L0877,IP16213R,,GB-COH-IP16213R
C3686,IP25296R,,GB-COH-IP25296R
4730,01412276,277424,GB-CHC-277424
4653,IP031240,,GB-COH-IP031240
5127,,,GB-LAE-REI
4778,08308710,,GB-COH-08308710
5092,11796225,,GB-COH-11796225
5053,10782983,,GB-COH-10782983
4745,IP29475R,,GB-COH-IP29475R
A4136,,206182,GB-CHC-206182
L4362,04254201,1090136,GB-CHC-1090136
L1967,IP19730R,,GB-COH-IP19730R
4824,08961418,,GB-COH-08961418
30UL,,,GB-LAE-RIB
A3469,,212951,GB-CHC-212951
C3043,IP22343R,,GB-COH-IP22343R
C2693,IP22148R,,GB-COH-IP22148R
L4279,IP030939,,GB-COH-IP030939
36UE,,,GB-LAE-RIH
L0892,IP18102R,,GB-COH-IP18102R
A3244,,225058,GB-CHC-225058
LH3651,,250986,GB-CHC-250986
C4381,IP29068R,,GB-COH-IP29068R
A2567,,227358,GB-CHC-227358
4866,IP031254,,GB-COH-IP031254
4607,IP031452,,GB-COH-IP031452
LH0869,IP13507R,,GB-COH-IP13507R
L0124,IP18800R,,GB-COH-IP18800R
A0746,,206942,GB-CHC-206942
LH4050,IP27786R,,GB-COH-IP27786R
L4404,IP29661R,,GB-COH-IP29661R
LH4026,IP27671R,,GB-COH-IP27671R
LH1026,IP15355R,,GB-COH-IP15355R
5055,10055536,,GB-COH-10055536
C2977,IP22542R,,GB-COH-IP22542R
30UM,,,GB-LAE-ROS
LH1658,IP21089R,,GB-COH-IP21089R
5119,,,GB-LAE-ROH
00CF,,,GB-LAE-ROT
H3731,IP25218R,,GB-COH-IP25218R
A3552,,211726,GB-CHC-211726
L1508,IP17723R,,GB-COH-IP17723R
00AW,,,GB-LAE-KEC
00AX,,,GB-LAE-KTT
44UD,,,GB-LAE-RUG
43UG,,,GB-LAE-RUN
C3693,IP25351R,,GB-COH-IP25351R
36UF,,,GB-LAE-RYE
4608,05864912,,GB-COH-05864912
A0809,,220488,GB-CHC-220488
L3807,IP26410R,,GB-COH-IP26410R
4761,02789572,1018832,GB-CHC-1018832
LH4412,IP032427,,GB-COH-IP032427
4636,05489096,,GB-COH-05489096
5083,11217855,,GB-COH-11217855
5082,11217910,,GB-COH-11217910
00BR,,,GB-LAE-SLF
A0192,,202110,GB-CHC-202110
4609,RS007051,,GB-COH-RS007051
LH2429,IP15210R,,GB-COH-IP15210R
A3183,,217466,GB-CHC-217466
LH0113,,206611,GB-CHC-206611
4684,IP031442,,GB-COH-IP031442
L0247,IP19059R,,GB-COH-IP19059R
A2806,,211106,GB-CHC-211106
LH0418,IP12740R,,GB-COH-IP12740R
5054,01705859,514302,GB-CHC-514302
00CS,,,GB-LAE-SAW
H1313,IP19068R,,GB-COH-IP19068R
L4299,,1114158,GB-CHC-1114158
C3097,IP22226R,,GB-COH-IP22226R
4721,07274686,,GB-COH-07274686
40UC,,,GB-LAE-SEG
5151,,,GB-LAE-SFT
36UH,,,GB-LAE-SEL
LH4097,04168336,1141124,GB-CHC-1141124
C3518,IP24518R,,GB-COH-IP24518R
C3472,IP24164R,,GB-COH-IP24164R
L4370,IP30003R,,GB-COH-IP30003R
C2580,IP21942R,,GB-COH-IP21942R
A1048,,218540,GB-CHC-218540
LH4325,,1166317,GB-CHC-1166317
C2318,IP21666R,,GB-COH-IP21666R
4848,10044321,,GB-COH-10044321
C2824,IP22408R,,GB-COH-IP22408R
LH4035,IP27772R,,GB-COH-IP27772R
4698,05457993,,GB-COH-05457993
C3236,IP23345R,,GB-COH-IP23345R
00CG,,,GB-LAE-SHF
LH0050,IP16442R,,GB-COH-IP16442R
A0482,,1175666,GB-CHC-1175666
5142,,1175666,GB-CHC-1175666
L0849,IP12232R,,GB-COH-IP12232R
A3494,11196374,1177535,GB-CHC-1177535
LH3883,IP26464R,,GB-COH-IP26464R
C3411,IP23589R,,GB-COH-IP23589R
C4103,IP28374R,,GB-COH-IP28374R
4809,07000798,1132671,GB-CHC-1132671
H0134,IP20092R,,GB-COH-IP20092R
00GG,,,GB-LAE-SHR
L1505,IP21543R,,GB-COH-IP21543R
H0299,IP17290R,,GB-COH-IP17290R
L4513,IP30230R,,GB-COH-IP30230R
A0565,,230359,GB-CHC-230359
A2408,,244045,GB-CHC-244045
A0629,,209283,GB-CHC-209283
4812,,217120,GB-CHC-217120
A2071,,219153,GB-CHC-219153
A4298,,217681,GB-CHC-217681
A2566,,1067598,GB-CHC-1067598
4612,04948846,,GB-COH-04948846
A2547,,229556,GB-CHC-229556
00MD,,,GB-LAE-SLG
C2533,IP22019R,,GB-COH-IP22019R
A3326,,205035,GB-CHC-205035
L4130,IP28410R,,GB-COH-IP28410R
LH1321,IP20784R,,GB-COH-IP20784R
L4191,IP27223R,,GB-COH-IP27223R
00CT,,,GB-LAE-SOL
4696,03266905,1068017,GB-CHC-1068017
L0125,IP21136R,,GB-COH-IP21136R
5067,,,GB-LAE-SWT
C3027,IP22595R,,GB-COH-IP22595R
12UG,,,GB-LAE-SCA
C3275,IP23406R,,GB-COH-IP23406R
L2034,IP20697R,,GB-COH-IP20697R
17UK,,,GB-LAE-SDE
LH0920,IP14949R,,GB-COH-IP14949R
5078,,,GB-LAE-SHA
32UF,,,GB-LAE-SHO
32UG,,,GB-LAE-SKE
16UG,,,GB-LAE-SLA
4686,IP031419,,GB-COH-IP031419
L4230,IP031210,,GB-COH-IP031210
C2612,IP22027R,,GB-COH-IP22027R
5085,,,GB-LAE-SRI
C3178,IP23324R,,GB-COH-IP23324R
5137,,,GB-LAE-SSO
00CL,,,GB-LAE-STY
4786,RS08627Z,,GB-COH-RS08627Z
L2424,IP12664R,,GB-COH-IP12664R
L0078,IP20165R,,GB-COH-IP20165R
00MS,,,GB-LAE-STH
C3572,IP24680R,,GB-COH-IP24680R
L1829,IP20755R,,GB-COH-IP20755R
00KF,,,GB-LAE-SOS
4853,05051166,1102837,GB-CHC-1102837
C3302,IP23457R,,GB-COH-IP23457R
LH1662,IP18521R,,GB-COH-IP18521R
L4628,IP031055,,GB-COH-IP031055
A2130,,233457,GB-CHC-233457
C3555,IP23252R,,GB-COH-IP23252R
C2581,IP22004R,,GB-COH-IP22004R
00BE,,,GB-LAE-SWK
L4507,IP30348R,,GB-COH-IP30348R
4837,RS007448,,GB-COH-RS007448
L3933,IP26400R,,GB-COH-IP26400R
5091,,,GB-LAE-SPE
C3022,IP22649R,,GB-COH-IP22649R
SL3270,IP23538R,,GB-COH-IP23538R
SL3365,IP23788R,,GB-COH-IP23788R
C3695,IP25250R,,GB-COH-IP25250R
L1218,IP10991R,,GB-COH-IP10991R
26UG,,,GB-LAE-SAL
C2531,IP21976R,,GB-COH-IP21976R
L4546,06866588,,GB-COH-06866588
H3158,01089026,502224,GB-CHC-502224
H4276,02919404,1037430,GB-CHC-1037430
H3994,03964376,1080154,GB-CHC-1080154
LH1832,00321509,207782,GB-CHC-207782
C4054,IP27841R,,GB-COH-IP27841R
A2840,,200397,GB-CHC-200397
A3456,,238993,GB-CHC-238993
A1325,,243977,GB-CHC-243977
L1824,IP15866R,,GB-COH-IP15866R
H3021,IP22546R,,GB-COH-IP22546R
LH0279,08225808,1149085,GB-CHC-1149085
L3519,RS024640,,GB-COH-RS024640
4738,02504171,1000830,GB-CHC-1000830
4753,05948739,,GB-COH-05948739
L4458,,1112582,GB-CHC-1112582
A3911,,223691,GB-CHC-223691
C2731,IP22153R,,GB-COH-IP22153R
A4024,,204758,GB-CHC-204758
4665,IP17914R,,GB-COH-IP17914R
L3711,IP24187R,,GB-COH-IP24187R
26UH,,,GB-LAE-STV
A3722,,205886,GB-CHC-205886
4619,04521257,,GB-COH-04521257
00BS,,,GB-LAE-SKP
00GL,,,GB-LAE-STE
L0021,IP17333R,,GB-COH-IP17333R
L0173,IP19412R,,GB-COH-IP19412R
L0288,IP18946R,,GB-COH-IP18946R
LH4027,IP27696R,,GB-COH-IP27696R
4717,IP031527,,GB-COH-IP031527
L1556,IP20558R,,GB-COH-IP20558R
5109,,,GB-LAE-STR
23UF,,,GB-LAE-STO
C2436,IP21854R,,GB-COH-IP21854R
5089,08359958,1152152,GB-CHC-1152152
C3157,IP22814R,,GB-COH-IP22814R
5080,,,GB-LAE-SND
C3348,IP23856R,,GB-COH-IP23856R
4749,07954337,,GB-COH-07954337
LH0079,IP12871R,,GB-COH-IP12871R
LH1833,IP15607R,,GB-COH-IP15607R
4687,07084201,,GB-COH-07084201
L0469,IP19998R,,GB-COH-IP19998R
L0721,IP16614R,,GB-COH-IP16614R
L4145,IP28496R,,GB-COH-IP28496R
C3738,IP25623R,,GB-COH-IP25623R
4864,10141541,,GB-COH-10141541
00HX,,,GB-LAE-SWD
C3174,IP23046R,,GB-COH-IP23046R
4680,IP031447,,GB-COH-IP031447
C2181,IP21683R,,GB-COH-IP21683R
L2209,IP17390R,,GB-COH-IP17390R
L4376,IP25085R,,GB-COH-IP25085R
41UK,,,GB-LAE-TAW
4659,IP26705R,,GB-COH-IP26705R
43UK,,,GB-LAE-TAN
C3001,IP21950R,,GB-COH-IP21950R
4679,02787689,1017481,GB-CHC-1017481
5059,,1177162,GB-CHC-1177162
4843,RS008374,,GB-COH-RS008374
4756,08385555,,GB-COH-08385555
LH0426,IP17955R,,GB-COH-IP17955R
L4469,IP30015R,,GB-COH-IP30015R
LH4403,04619035,1112196,GB-CHC-1112196
18UH,,,GB-LAE-TEI
5102,,,GB-LAE-TFW
22UN,,,GB-LAE-TEN
A3602,,203488,GB-CHC-203488
L1537,IP16683R,,GB-COH-IP16683R
L0159,IP16851R,,GB-COH-IP16851R
LH3702,IP25301R,,GB-COH-IP25301R
L0514,IP17375R,,GB-COH-IP17375R
29UN,,,GB-LAE-THA
H1167,00955757,262424,GB-CHC-262424
H2776,IP22279R,,GB-COH-IP22279R
H0228,00996404,500644,GB-CHC-500644
H2698,00977174,261463,GB-CHC-261463
H0062,01051354,267984,GB-CHC-267984
H1471,IP21525R,,GB-COH-IP21525R
H0229,01067487,501960,GB-CHC-501960
H3480,00835742,243585,GB-CHC-243585
H2473,IP21864R,,GB-COH-IP21864R
H0068,00685160,246972,GB-CHC-246972
H3569,IP24389R,,GB-COH-IP24389R
H0481,00899018,252082,GB-CHC-252082
H0552,01005700,262505,GB-CHC-262505
H2374,00952071,500464,GB-CHC-500464
H1607,IP21529R,,GB-COH-IP21529R
H4156,RS027255,,GB-COH-RS027255
H2960,IP22609R,,GB-COH-IP22609R
H1335,01108309,266471,GB-CHC-266471
H0001,01182566,268379,GB-CHC-268379
H2715,IP21991R,,GB-COH-IP21991R
H2475,00715471,223716,GB-CHC-223716
H0480,01086377,268826,GB-CHC-268826
H1362,00632263,206449,GB-CHC-206449
H1470,00995212,261970,GB-CHC-261970
H2228,00640910,246993,GB-CHC-246993
H0008,00778105,233470,GB-CHC-233470
H2257,00885474,249443,GB-CHC-249443
H2905,00714675,247440,GB-CHC-247440
H3824,IP025950,,GB-COH-IP025950
H0129,00772489,231852,GB-CHC-231852
H3860,IP25897R,,GB-COH-IP25897R
H3763,IP25016R,,GB-COH-IP25016R
H0301,00780423,232531,GB-CHC-232531
H3955,IP26522R,,GB-COH-IP26522R
H1598,00963399,259921,GB-CHC-259921
H2109,00643334,220611,GB-CHC-220611
H0553,01182568,268880,GB-CHC-268880
H3610,IP24428R,,GB-COH-IP24428R
H2961,RS022683,,GB-COH-RS022683
H2854,00784499,233269,GB-CHC-233269
H3505,IP24195R,,GB-COH-IP24195R
H3873,IP26309R,,GB-COH-IP26309R
H3295,00737334,230899,GB-CHC-230899
H3600,IP24712R,,GB-COH-IP24712R
H0595,00754694,238168,GB-CHC-238168
H0560,00702983,222742,GB-CHC-222742
H3370,IP23568R,,GB-COH-IP23568R
H4115,RS027263,,GB-COH-RS027263
H2851,00631694,203245,GB-CHC-203245
H2934,IP22478R,,GB-COH-IP22478R
H2980,00701225,233423,GB-CHC-233423
H3938,IP27089R,,GB-COH-IP27089R
H2295,01117696,266208,GB-CHC-266208
H0619,00719534,233004,GB-CHC-233004
H2085,00776563,237811,GB-CHC-237811
H0335,00762159,229545,GB-CHC-229545
H1046,00574816,200719,GB-CHC-200719
H2791,IP22210R,,GB-COH-IP22210R
H3283,IP23213R,,GB-COH-IP23213R
H3383,IP23413R,,GB-COH-IP23413R
H0833,00956345,260015,GB-CHC-260015
H2755,IP22339R,,GB-COH-IP22339R
H3470,00953566,259951,GB-CHC-259951
H0559,01095865,265782,GB-CHC-265782
H0548,01193242,269062,GB-CHC-269062
H0213,01084439,265137,GB-CHC-265137
H0347,00766744,230050,GB-CHC-230050
H4010,IP25355R,,GB-COH-IP25355R
H3405,IP23563R,,GB-COH-IP23563R
H2907,00961985,259776,GB-CHC-259776
H2055,00721891,222424,GB-CHC-222424
A0230,,236902,GB-CHC-236902
A0648,,206587,GB-CHC-206587
L2618,,225168,GB-CHC-225168
A2992,,216765,GB-CHC-216765
A1072,,211307,GB-CHC-211307
A2821,,235635,GB-CHC-235635
A2072,,200103,GB-CHC-200103
5051,,1175027,GB-CHC-1175027
A4028,,218971,GB-CHC-218971
L4005,02698040,1009955,GB-CHC-1009955
4859,,1165878,GB-CHC-1165878
4874,09838277,235867,GB-CHC-235867
L0992,IP10457R,,GB-COH-IP10457R
L0889,IP12378R,,GB-COH-IP12378R
A4012,,245212,GB-CHC-245212
4840,,236518,GB-CHC-236518
A2233,,217439,GB-CHC-217439
A2836,08589455,810114,GB-CHC-810114
A2986,,236643,GB-CHC-236643
A0826,,209165,GB-CHC-209165
A3706,,231798,GB-CHC-231798
A2266,,1005857,GB-CHC-1005857
LH4264,IP032351,,GB-COH-IP032351
A3783,,245824,GB-CHC-245824
A3612,,209850,GB-CHC-209850
A3036,,202650,GB-CHC-202650
4767,,222631,GB-CHC-222631
4838,06595498,1125402,GB-CHC-1125402
4706,02205136,327816,GB-CHC-327816
L4535,IP28173R,,GB-COH-IP28173R
A1482,,1140259,GB-CHC-1140259
L1821,,205786,GB-CHC-205786
A0542,,203004,GB-CHC-203004
LH3047,00098226,207493,GB-CHC-207493
A0185,,206621,GB-CHC-206621
A3486,,256680,GB-CHC-256680
A4037,,230785,GB-CHC-230785
A1597,,231768,GB-CHC-231768
4683,03208721,1059761,GB-CHC-1059761
A0215,,205177,GB-CHC-205177
H3727,00348341,207740,GB-CHC-207740
4729,IP031693,,GB-COH-IP031693
A1464,,212061,GB-CHC-212061
A2993,,219031,GB-CHC-219031
A3996,,1055157,GB-CHC-1055157
A1055,,219384,GB-CHC-219384
LH4339,RS007648,,GB-COH-RS007648
A4063,,221456,GB-CHC-221456
A3946,,211288,GB-CHC-211288
A3969,,210365,GB-CHC-210365
A4001,,211272,GB-CHC-211272
A2570,08390520,1152689,GB-CHC-1152689
A2835,,255892,GB-CHC-255892
A0611,,218931,GB-CHC-218931
A1286,,235958,GB-CHC-235958
A3564,,225510,GB-CHC-225510
5131,,1186592,GB-CHC-1186592
A3105,,1020237,GB-CHC-1020237
L4491,IP30224R,,GB-COH-IP30224R
A2635,,500818,GB-CHC-500818
C3531,IP24493R,,GB-COH-IP24493R
L0266,IP14044R,,GB-COH-IP14044R
A2150,,217047,GB-CHC-217047
A4407,,213904,GB-CHC-213904
A3937,,220807,GB-CHC-220807
L4207,03488197,1067408,GB-CHC-1067408
A1329,,202887,GB-CHC-202887
A1160,,211424,GB-CHC-211424
A0646,,208562,GB-CHC-208562
A3997,,202869,GB-CHC-202869
A3909,,270372,GB-CHC-270372
A2246,,214262,GB-CHC-214262
C2513,IP21847R,,GB-COH-IP21847R
5122,,207259,GB-CHC-207259
A4183,,213895,GB-CHC-213895
A0056,,200290,GB-CHC-200290
A2785,,214958,GB-CHC-214958
A1347,,207020,GB-CHC-207020
C3641,RS025198,,GB-COH-RS025198
4640,02783331,1017344,GB-CHC-1017344
L2793,,215582,GB-CHC-215582
A2819,,211777,GB-CHC-211777
LH1648,00148906,211234,GB-CHC-211234
A1068,,247553,GB-CHC-247553
5113,IP032339,,GB-COH-IP032339
H2321,IP21664R,,GB-COH-IP21664R
L4118,IP28414R,,GB-COH-IP28414R
A3748,,259111,GB-CHC-259111
A0333,,233324,GB-CHC-233324
H2025,00662712,200453,GB-CHC-200453
L4552,IP030938,,GB-COH-IP030938
A3590,,225866,GB-CHC-225866
A4089,,257508,GB-CHC-257508
A3666,,210106,GB-CHC-210106
A3418,00148636,207939,GB-CHC-207939
A2948,06801953,1127772,GB-CHC-1127772
A3603,,202152,GB-CHC-202152
LH4337,03009700,1043664,GB-CHC-1043664
LH4338,04249759,1088675,GB-CHC-1088675
H1416,,504340,GB-CHC-504340
A2803,,226776,GB-CHC-226776
L0689,IP10237R,,GB-COH-IP10237R
A2704,,234234,GB-CHC-234234
A3667,,226002,GB-CHC-226002
A4417,,259374,GB-CHC-259374
A0627,,227244,GB-CHC-227244
A1276,,222564,GB-CHC-222564
A2093,,1195199,GB-CHC-1195199
A3388,,214712,GB-CHC-214712
C4382,IP29055R,,GB-COH-IP29055R
LH4220,,1074701,GB-CHC-1074701
C3190,IP23078R,,GB-COH-IP23078R
L4522,RS007522,,GB-COH-RS007522
A0605,,220735,GB-CHC-220735
5111,,220735,GB-CHC-220735
4839,09953572,1169965,GB-CHC-1169965
C3516,RS024600,,GB-COH-RS024600
4814,,225709,GB-CHC-225709
L4520,IP30398R,,GB-COH-IP30398R
5052,RS007613,,GB-COH-RS007613
00KG,,,GB-LAE-THR
A1070,,206984,GB-CHC-206984
A1063,,200239,GB-CHC-200239
L4160,IP28687R,,GB-COH-IP28687R
L4464,RS007301,,GB-COH-RS007301
29UP,,,GB-LAE-TON
A2079,,209100,GB-CHC-209100
C2613,IP22055R,,GB-COH-IP22055R
5065,09183881,,GB-COH-09183881
5126,12044007,,GB-COH-12044007
L4260,,1078394,GB-CHC-1078394
L4251,IP30167R,,GB-COH-IP30167R
C3964,IP27104R,,GB-COH-IP27104R
SL3442,IP23381R,,GB-COH-IP23381R
L4440,04831118,1106967,GB-CHC-1106967
H2452,01057984,264133,GB-CHC-264133
A0069,,205134,GB-CHC-205134
L4311,IP030668,,GB-COH-IP030668
C2585,IP22018R,,GB-COH-IP22018R
L0979,IP17133R,,GB-COH-IP17133R
A2455,,208363,GB-CHC-208363
A4022,,215070,GB-CHC-215070
4645,05780467,,GB-COH-05780467
5118,,,GB-LAE-TUN
L3808,IP26310R,,GB-COH-IP26310R
H2509,00793558,234887,GB-CHC-234887
4652,06242442,1123817,GB-CHC-1123817
C2614,IP22111R,,GB-COH-IP22111R
L4385,04263691,1104723,GB-CHC-1104723
LH3904,IP26511R,,GB-COH-IP26511R
LH4297,IP21011R,,GB-COH-IP21011R
A3721,,229236,GB-CHC-229236
4861,09808882,,GB-COH-09808882
L0388,IP17599R,,GB-COH-IP17599R
LH3737,IP25616R,,GB-COH-IP25616R
22UQ,,,GB-LAE-UTT
4867,10262998,,GB-COH-10262998
L4473,05438914,1114504,GB-CHC-1114504
L1005,IP21237R,,GB-COH-IP21237R
LH0674,04544532,1095308,GB-CHC-1095308
A3553,,255927,GB-CHC-255927
C2532,IP21926R,,GB-COH-IP21926R
L4460,,1112915,GB-CHC-1112915
C3499,IP24096R,,GB-COH-IP24096R
4850,RS007544,,GB-COH-RS007544
A0544,,227364,GB-CHC-227364
C2696,IP21979R,,GB-COH-IP21979R
A3581,,214960,GB-CHC-214960
L4441,RS007530,,GB-COH-RS007530
A2920,,221005,GB-CHC-221005
L4389,04015633,1108779,GB-CHC-1108779
L3939,IP27378R,,GB-COH-IP27378R
L0461,IP21186R,,GB-COH-IP21186R
A0157,,230652,GB-CHC-230652
L0277,IP19225R,,GB-COH-IP19225R
L0053,IP18306R,,GB-COH-IP18306R
00EU,,,GB-LAE-WRT
L0518,IP17631R,,GB-COH-IP17631R
44UF,,,GB-LAE-WAW
C4015,IP27635R,,GB-COH-IP27635R
L3881,IP26636R,,GB-COH-IP26636R
C2749,IP22103R,,GB-COH-IP22103R
C3725,IP25886R,,GB-COH-IP25886R
A0208,,201017,GB-CHC-201017
L4495,IP30183R,,GB-COH-IP30183R
L4383,IP29338R,,GB-COH-IP29338R
C2593,IP21954R,,GB-COH-IP21954R
43UL,,,GB-LAE-WAE
21UH,,,GB-LAE-WEA
C3069,IP22793R,,GB-COH-IP22793R
L4341,,1105813,GB-CHC-1105813
A0261,,245453,GB-CHC-245453
A0534,,208347,GB-CHC-208347
C2692,IP22041R,,GB-COH-IP22041R
C3789,IP24464R,,GB-COH-IP24464R
C3278,IP22877R,,GB-COH-IP22877R
L0668,IP16067R,,GB-COH-IP16067R
26UL,,,GB-LAE-WEW
00MB,,,GB-LAE-WBK
5077,,,GB-LAE-WDE
C2968,IP22789R,,GB-COH-IP22789R
A3311,,207309,GB-CHC-207309
C2418,IP21798R,,GB-COH-IP21798R
L1953,IP21538R,,GB-COH-IP21538R
LH3827,IP26278R,,GB-COH-IP26278R
30UP,,,GB-LAE-WLA
LH3373,00495241,281929,GB-CHC-281929
H4128,03244611,1058593,GB-CHC-1058593
5057,10368299,,GB-COH-10368299
5130,,,GB-LAE-WNT
LH2186,IP13405R,,GB-COH-IP13405R
5068,,,GB-LAE-WSK
L0259,IP13920R,,GB-COH-IP13920R
LH4083,IP28095R,,GB-COH-IP28095R
LH0424,IP20601R,,GB-COH-IP20601R
4638,IP030604,,GB-COH-IP030604
4772,RS008610,,GB-COH-RS008610
C4180,IP28603R,,GB-COH-IP28603R
C3723,IP25489R,,GB-COH-IP25489R
4826,RS007350,,GB-COH-RS007350
LH3796,IP26219R,,GB-COH-IP26219R
L1681,IP20605R,,GB-COH-IP20605R
C3337,IP23742R,,GB-COH-IP23742R
A3011,04932686,1101143,GB-CHC-1101143
A4029,,508014,GB-CHC-508014
L3559,IP24672R,,GB-COH-IP24672R
A3467,,237244,GB-CHC-237244
C3126,IP23037R,,GB-COH-IP23037R
4692,06608621,1134897,GB-CHC-1134897
00BW,,,GB-LAE-WGN
C4225,IP23323R,,GB-COH-IP23323R
C3394,IP22633R,,GB-COH-IP22633R
A1328,,220843,GB-CHC-220843
A2643,,212597,GB-CHC-212597
A0592,,230536,GB-CHC-230536
00HY,,,GB-LAE-WIL
24UP,,,GB-LAE-WIN
L2732,IP05338R,,GB-COH-IP05338R
4671,06972565,,GB-COH-06972565
L1656,IP19228R,,GB-COH-IP19228R
4762,05699019,,GB-COH-05699019
4830,,1158167,GB-CHC-1158167
C3701,RS024920,,GB-COH-RS024920
L0848,IP16740R,,GB-COH-IP16740R
00CB,,,GB-LAE-WRL
A2144,,204879,GB-CHC-204879
C2772,IP22101R,,GB-COH-IP22101R
L1000,IP18885R,,GB-COH-IP18885R
5138,09507323,,GB-COH-09507323
A4330,,241102,GB-CHC-241102
43UM,,,GB-LAE-WOI
00MF,,,GB-LAE-WOK
A3527,,235011,GB-CHC-235011
00CW,,,GB-LAE-WLV
L1548,IP08137R,,GB-COH-IP08137R
H1395,07577779,1141622,GB-CHC-1141622
A2366,,242574,GB-CHC-242574
C3509,IP24211R,,GB-COH-IP24211R
5101,,1189301,GB-CHC-1189301
4855,,1166931,GB-CHC-1166931
LH3687,01944516,516872,GB-CHC-516872
5150,,,GB-LAE-WOT
LH4208,,1074516,GB-CHC-1074516
A3246,,238665,GB-CHC-238665
L1867,RS021318,,GB-COH-RS021318
L4219,,1074481,GB-CHC-1074481
A2247,,216082,GB-CHC-216082
LH4200,RS007499,,GB-COH-RS007499
L4550,04116412,1086320,GB-CHC-1086320
4871,03719773,1074660,GB-CHC-1074660
H4085,03061837,1049904,GB-CHC-1049904
4644,03853734,1079570,GB-CHC-1079570
4854,03716594,1075028,GB-CHC-1075028
4875,07820865,1146415,GB-CHC-1146415
H4099,03169665,1053864,GB-CHC-1053864
H3868,02067523,801606,GB-CHC-801606
H4426,04804681,1100749,GB-CHC-1100749
4793,02703063,1011495,GB-CHC-1011495
H3286,00310342,243044,GB-CHC-243044
LH3685,01947323,517144,GB-CHC-517144
LH4078,02971930,1041923,GB-CHC-1041923
L4547,06102037,1133269,GB-CHC-1133269
H4179,03561613,1069810,GB-CHC-1069810
L1019,RS16826R,,GB-COH-RS16826R
L4521,IP030443,,GB-COH-IP030443
LH1020,00547893,223653,GB-CHC-223653
L4203,IP030666,,GB-COH-IP030666
L1700,IP17704R,,GB-COH-IP17704R
C3376,IP23992R,,GB-COH-IP23992R
LH2018,IP16832R,,GB-COH-IP16832R
5145,12534088,,GB-COH-12534088
H3779,,,
LH4322,IP29264R,,GB-COH-IP29264R
LH0912,IP20876R,,GB-COH-IP20876R
LH4002,IP27556R,,GB-COH-IP27556R
L4504,05999155,,GB-COH-05999155
4673,IP031412,,GB-COH-IP031412
LH1682,IP21083R,,GB-COH-IP21083R
A3390,,245777,GB-CHC-245777
A1073,,226317,GB-CHC-226317
L4536,IP030786,,GB-COH-IP030786
L4048,IP27816R,,GB-COH-IP27816R
H3720,,296375,GB-CHC-296375
LH4034,IP27926R,,GB-COH-IP27926R
L1517,IP21056R,,GB-COH-IP21056R
L3534,IP24620R,,GB-COH-IP24620R
L4523,IP030442,,GB-COH-IP030442
L0395,IP17971R,,GB-COH-IP17971R
L4512,IP30268R,,GB-COH-IP30268R
L4529,IP030537,,GB-COH-IP030537
4674,IP031418,,GB-COH-IP031418
L3030,IP22573R,,GB-COH-IP22573R
A0730,,205916,GB-CHC-205916
L2888,IP21285R,,GB-COH-IP21285R
00BL,,,
00HP,,,
LH4237,,1078179,GB-CHC-1078179
L0093,,,
00HN,,,
00MA,,,
A4006,,214152,GB-CHC-214152
4681,,209787,GB-CHC-209787
L0883,IP20135R,,GB-COH-IP20135R
H1269,,268164,GB-CHC-268164
L4514,IP30116R,,GB-COH-IP30116R
H3658,RS007601,,GB-COH-RS007601
4831,01167035,,GB-COH-01167035
C4111,IP28426R,,GB-COH-IP28426R
L0862,IP19086R,,GB-COH-IP19086R
L0031,IP18652R,,GB-COH-IP18652R
00DB,,,
L4527,,1123496,GB-CHC-1123496
L4342,RS007093,,GB-COH-RS007093
L4484,IP30112R,,GB-COH-IP30112R
L4494,IP30269R,,GB-COH-IP30269R
34UB,,,
4805,RS007043,,GB-COH-RS007043
4575,RS007048,,GB-COH-RS007048
L4332,04201820,,GB-COH-04201820
A0563,,211204,GB-CHC-211204
L0435,IP20555R,,GB-COH-IP20555R
LH4213,IP28630R,,GB-COH-IP28630R
L4483,IP032230,,GB-COH-IP032230
4818,IP031573,,GB-COH-IP031573
L0307,,,
4806,RS007046,,GB-COH-RS007046
L0851,IP17688R,,GB-COH-IP17688R
4578,RS007045,,GB-COH-RS007045
4835,04701731,,GB-COH-04701731
L4396,,1105987,GB-CHC-1105987
L1229,IP16551R,,GB-COH-IP16551R
L4431,RS007563,,GB-COH-RS007563
LH0713,IP16763R,,GB-COH-IP16763R
L4470,IP030093,,GB-COH-IP030093
L4278,IP29029R,,GB-COH-IP29029R
L4553,IP030940,,GB-COH-IP030940
42UC,,,
4845,RS007523,,GB-COH-RS007523
4820,RS007006,,GB-COH-RS007006
LH4120,IP28411R,,GB-COH-IP28411R
A4036,,,
4654,IP031247,,GB-COH-IP031247
L4496,RS007492,,GB-COH-RS007492
L4274,IP28979R,,GB-COH-IP28979R
4655,IP031241,,GB-COH-IP031241
LH2032,,,
4631,,1137675,GB-CHC-1137675
L4518,IP30388R,,GB-COH-IP30388R
4710,07830370,,GB-COH-07830370
4732,IP031476,,GB-COH-IP031476
L0071,IP16324R,,GB-COH-IP16324R
L0293,IP19588R,,GB-COH-IP19588R
L3797,IP25888R,,GB-COH-IP25888R
LH0065,IP21086R,,GB-COH-IP21086R
L1669,IP20928R,,GB-COH-IP20928R
4697,06671902,,GB-COH-06671902
L4414,RS007564,,GB-COH-RS007564
L2027,IP17869R,,GB-COH-IP17869R
L4461,IP30031R,,GB-COH-IP30031R
L0917,IP21411R,,GB-COH-IP21411R
4646,IP031208,,GB-COH-IP031208
A1059,,222432,GB-CHC-222432
34UE,,,
L0950,IP17227R,,GB-COH-IP17227R
L0291,IP21080R,,GB-COH-IP21080R
L4436,IP29867R,,GB-COH-IP29867R
A3788,,201350,GB-CHC-201350
A0604,,200183,GB-CHC-200183
L0409,IP20933R,,GB-COH-IP20933R
L0453,IP21370R,,GB-COH-IP21370R
LH3867,IP26206R,,GB-COH-IP26206R
L4524,IP29998R,,GB-COH-IP29998R
L4347,IP029044,,GB-COH-IP029044
L4542,IP030779,,GB-COH-IP030779
A2708,,210587,GB-CHC-210587
L1423,,,
L2208,IP21387R,,GB-COH-IP21387R
C3844,IP25861R,,GB-COH-IP25861R
L4493,IP30241R,,GB-COH-IP30241R
A0647,,261416,GB-CHC-261416
L0262,IP17128R,,GB-COH-IP17128R
LH4306,IP030941,,GB-COH-IP030941
A2312,,221899,GB-CHC-221899
L0975,IP18877R,,GB-COH-IP18877R
L4373,IP29543R,,GB-COH-IP29543R
L0525,IP21060R,,GB-COH-IP21060R
LH4265,03807262,,GB-COH-03807262
LH4284,IP030658,,GB-COH-IP030658
L4201,,1113219,GB-CHC-1113219
34UF,,,
L0035,IP16558R,,GB-COH-IP16558R
SL3169,IP23277R,,GB-COH-IP23277R
L4399,,1099052,GB-CHC-1099052
L4221,RS007475,,GB-COH-RS007475
L4301,,1082846,GB-CHC-1082846
L4228,RS007535,,GB-COH-RS007535
L0691,IP14915R,,GB-COH-IP14915R
LH4262,IP031033,,GB-COH-IP031033
L4478,,1116258,GB-CHC-1116258
L4474,IP29674R,,GB-COH-IP29674R
4711,04190129,,GB-COH-04190129
4834,RS007223,,GB-COH-RS007223
L4475,IP29311R,,GB-COH-IP29311R
SL3237,IP23411R,,GB-COH-IP23411R
A0822,,242266,GB-CHC-242266
LH4158,IP030489,,GB-COH-IP030489
L4355,IP29480R,,GB-COH-IP29480R
LH4188,IP28761R,,GB-COH-IP28761R
L4335,RS007493,,GB-COH-RS007493
L0387,IP16567R,,GB-COH-IP16567R
L4525,IP030415,,GB-COH-IP030415
L4105,IP27918R,,GB-COH-IP27918R
00BQ,,,
L4009,IP27617R,,GB-COH-IP27617R
LH4405,IP29660R,,GB-COH-IP29660R
L1246,IP20004R,,GB-COH-IP20004R
LH3922,IP27076R,,GB-COH-IP27076R
LH4066,IP27940R,,GB-COH-IP27940R
L4506,,1121331,GB-CHC-1121331
L4171,IP28557R,,GB-COH-IP28557R
L3865,IP26480R,,GB-COH-IP26480R
C4013,IP27632R,,GB-COH-IP27632R
L4442,,1107876,GB-CHC-1107876
4782,,1002442,GB-CHC-1002442
L4519,IP30387R,,GB-COH-IP30387R
LH3943,,,
4759,IP032020,,GB-COH-IP032020
LH4302,,1140935,GB-CHC-1140935
A2761,,221541,GB-CHC-221541
A2765,,205229,GB-CHC-205229
L0875,IP19947R,,GB-COH-IP19947R
L2026,,1122961,GB-CHC-1122961
L0412,IP19299R,,GB-COH-IP19299R
A0532,,244567,GB-CHC-244567
00EF,,,
42UG,,,
L1659,IP21198R,,GB-COH-IP21198R
A4272,,1070355,GB-CHC-1070355
40UE,,,
A0520,,202120,GB-CHC-202120
L4437,RS007582,,GB-COH-RS007582
L1872,IP17594R,,GB-COH-IP17594R
H2471,IP21865R,,GB-COH-IP21865R
H0342,,266034,GB-CHC-266034
H2145,,202045,GB-CHC-202045
H0227,,225638,GB-CHC-225638
H2813,IP22334R,,GB-COH-IP22334R
H2463,,257857,GB-CHC-257857
H2563,IP21939R,,GB-COH-IP21939R
H3655,,206688,GB-CHC-206688
H2738,,255757,GB-CHC-255757
H1287,,214679,GB-CHC-214679
H2564,IP21932R,,GB-COH-IP21932R
A0367,,227211,GB-CHC-227211
A0557,,213568,GB-CHC-213568
L3500,,273991,GB-CHC-273991
A2781,,200285,GB-CHC-200285
L0057,,210169,GB-CHC-210169
L0993,IP17405R,,GB-COH-IP17405R
A2892,,205893,GB-CHC-205893
A2601,,218268,GB-CHC-218268
L3417,IP24123R,,GB-COH-IP24123R
L4424,05032634,,GB-COH-05032634
4701,,500764,GB-CHC-500764
LH0886,IP17315R,,GB-COH-IP17315R
4802,,1158510,GB-CHC-1158510
4622,RS007562,,GB-COH-RS007562
L3532,IP24701R,,GB-COH-IP24701R
LH1534,IP17663R,,GB-COH-IP17663R
LH4231,IP28874R,,GB-COH-IP28874R
LH0172,IP12752R,,GB-COH-IP12752R
L4516,IP30079R,,GB-COH-IP30079R
L1666,IP19741R,,GB-COH-IP19741R
LH4107,IP28274R,,GB-COH-IP28274R
26UK,,,
42UH,,,
4746,IP031930,,GB-COH-IP031930
LH4471,IP30092R,,GB-COH-IP30092R
4625,04395696,,GB-COH-04395696
A2480,,238948,GB-CHC-238948
L4072,,,
L2762,IP10149R,,GB-COH-IP10149R
L4185,IP28654R,,GB-COH-IP28654R
4678,07551293,,GB-COH-07551293
LH4416,RS007405,,GB-COH-RS007405
A2988,,276582,GB-CHC-276582
L4371,IP29307R,,GB-COH-IP29307R
11UF,,,
4755,,1151085,GB-CHC-1151085
H4244,,1077084,GB-CHC-1077084
